Rock_number;EC_rock;Ph_rock;Corg_rock (%);Ca_rock;K_rock;Mg_rock;Na_rock;SAR_rock;SiO2_rock;Al2O3_rock;Fe2O3_rock;TiO2_rock;MnO_rock;CaO_rock;MgO_rock;Na2O_rock;K2O_rock;SO3_rock;P2O5_rock;Type_event;Event_quantity;Acid;Temp;Timestep;Volume_leachate;EC_leachate;Ph_leachate;Chloride_leachate;Carbonate_leachate;Sulfate_leachate;Nitrate_leachate;Phosphate_leachate;Ca_leachate;Fe_leachate;K_leachate;Mg_leachate;Mn_leachate;Na_leachate
1;1351;8,11;0,05;22,24;0,16;3,09;0,15;0,04;21,78;7,38;3,16;0,39;0,03;20,55;2,88;0,22;0,36;24,65;0,01;rain;140;0;-5;1;120;714,0;6,70;2,5641;8,831;442,281;0,8657;0,0828;106,60;12,310;0,49;7,68;9,74;0,005
1;1351;8,11;0,05;22,24;0,16;3,09;0,15;0,04;21,78;7,38;3,16;0,39;0,03;20,55;2,88;0,22;0,36;24,65;0,01;rain;140;0;-5;10;118;1313,0;6,54;10,9145;4,4515;741,6574;0,7168;0,3586;119,50;81,070;0,68;8,00;718,10;0,005
1;1351;8,11;0,05;22,24;0,16;3,09;0,15;0,04;21,78;7,38;3,16;0,39;0,03;20,55;2,88;0,22;0,36;24,65;0,01;rain;140;0;-5;11;131;1208,0;6,74;2,4392;3,4084;593,0435;0,477;0,0735;249,00;60,540;0,70;8,96;929,70;0,005
1;1351;8,11;0,05;22,24;0,16;3,09;0,15;0,04;21,78;7,38;3,16;0,39;0,03;20,55;2,88;0,22;0,36;24,65;0,01;rain;140;0;-5;12;131;1215,0;6,80;2,9407;3,7481;656,4315;0,7683;0,8399;127,60;58,770;0,63;6,85;606,60;0,005
1;1351;8,11;0,05;22,24;0,16;3,09;0,15;0,04;21,78;7,38;3,16;0,39;0,03;20,55;2,88;0,22;0,36;24,65;0,01;rain;140;0;-5;13;129;1317,0;7,10;3,8978;4,1614;657,1826;0,6421;0,1142;141,60;44,950;0,56;7,56;710,90;0,005
1;1351;8,11;0,05;22,24;0,16;3,09;0,15;0,04;21,78;7,38;3,16;0,39;0,03;20,55;2,88;0,22;0,36;24,65;0,01;rain;140;0;-5;14;130;1312,0;7,04;8,2308;4,5268;720,3582;2,6237;0,1121;310,20;96,270;1,58;8,99;807,30;0,005
1;1351;8,11;0,05;22,24;0,16;3,09;0,15;0,04;21,78;7,38;3,16;0,39;0,03;20,55;2,88;0,22;0,36;24,65;0,01;rain;140;0;-5;15;129;1357,0;6,74;7,8406;8,4174;763,3104;1,4934;0,3269;125,10;69,690;0,44;5,92;600,40;0,005
1;1351;8,11;0,05;22,24;0,16;3,09;0,15;0,04;21,78;7,38;3,16;0,39;0,03;20,55;2,88;0,22;0,36;24,65;0,01;rain;140;0;-5;2;130;1032,0;7,17;3,6441;3,9891;690,1746;1,028;0,1066;110,10;0,025;1,00;11,37;48,28;0,005
1;1351;8,11;0,05;22,24;0,16;3,09;0,15;0,04;21,78;7,38;3,16;0,39;0,03;20,55;2,88;0,22;0,36;24,65;0,01;rain;140;0;-5;3;134;986,0;6,92;3,0092;5,0763;691,7663;0,2269;0,1128;100,70;2,585;0,91;12,38;92,54;0,005
1;1351;8,11;0,05;22,24;0,16;3,09;0,15;0,04;21,78;7,38;3,16;0,39;0,03;20,55;2,88;0,22;0,36;24,65;0,01;rain;140;0;-5;4;132;925,0;6,77;3,4626;3,7792;531,8079;1,9068;0,1253;157,50;17,370;0,83;9,79;144,90;0,005
1;1351;8,11;0,05;22,24;0,16;3,09;0,15;0,04;21,78;7,38;3,16;0,39;0,03;20,55;2,88;0,22;0,36;24,65;0,01;rain;140;0;-5;5;122;939,0;6,74;1,2534;4,3846;662,5444;0,2099;0,1892;113,80;107,600;0,88;11,76;625,60;0,005
1;1351;8,11;0,05;22,24;0,16;3,09;0,15;0,04;21,78;7,38;3,16;0,39;0,03;20,55;2,88;0,22;0,36;24,65;0,01;rain;140;0;-5;6;133;1076,0;6,83;1,1953;4,7335;635,3854;0,1715;0,1617;167,00;79,230;0,60;9,31;641,00;0,005
1;1351;8,11;0,05;22,24;0,16;3,09;0,15;0,04;21,78;7,38;3,16;0,39;0,03;20,55;2,88;0,22;0,36;24,65;0,01;rain;140;0;-5;7;128;1078,0;6,86;3,7467;4,4629;596,017;0,4725;0,0552;105,30;0,025;0,66;9,26;341,60;0,005
1;1351;8,11;0,05;22,24;0,16;3,09;0,15;0,04;21,78;7,38;3,16;0,39;0,03;20,55;2,88;0,22;0,36;24,65;0,01;rain;140;0;-5;8;131;1285,0;6,70;1,9691;4,2881;820,8303;0,1848;0,0924;129,60;119,300;0,74;10,35;624,30;0,005
1;1351;8,11;0,05;22,24;0,16;3,09;0,15;0,04;21,78;7,38;3,16;0,39;0,03;20,55;2,88;0,22;0,36;24,65;0,01;rain;140;0;-5;9;129;1366,0;6,71;4,1053;3,9286;764,7928;0,3738;0,1781;234,80;84,000;0,97;10,23;526,70;0,005
1;1351;8,11;0,05;22,24;0,16;3,09;0,15;0,04;21,78;7,38;3,16;0,39;0,03;20,55;2,88;0,22;0,36;24,65;0,01;rain;140;0;50;16;112;1204,0;6,69;1,9942;2,8075;718,9458;0,4184;0,0847;121,10;53,960;0,54;6,64;687,70;0,005
1;1351;8,11;0,05;22,24;0,16;3,09;0,15;0,04;21,78;7,38;3,16;0,39;0,03;20,55;2,88;0,22;0,36;24,65;0,01;rain;140;0;50;17;107;1127,0;6,68;1,6391;3,7259;624,3942;0,1989;0,1599;114,10;23,020;0,61;5,15;339,00;0,005
1;1351;8,11;0,05;22,24;0,16;3,09;0,15;0,04;21,78;7,38;3,16;0,39;0,03;20,55;2,88;0,22;0,36;24,65;0,01;rain;140;0;50;18;106;1091,0;6,71;1,5775;2,4625;640,3755;0,5312;0,1388;109,80;34,150;0,61;5,14;508,30;0,005
1;1351;8,11;0,05;22,24;0,16;3,09;0,15;0,04;21,78;7,38;3,16;0,39;0,03;20,55;2,88;0,22;0,36;24,65;0,01;rain;140;0;50;19;107;1108,0;6,66;2,4009;3,906;634,6803;0,212;0,1766;113,90;90,070;0,62;4,81;382,50;0,005
1;1351;8,11;0,05;22,24;0,16;3,09;0,15;0,04;21,78;7,38;3,16;0,39;0,03;20,55;2,88;0,22;0,36;24,65;0,01;rain;140;0;50;20;106;1129,0;6,87;4,3562;0,6191;663,0148;0,7156;0,1632;113,20;406,200;0,84;6,66;1079,00;0,005
1;1351;8,11;0,05;22,24;0,16;3,09;0,15;0,04;21,78;7,38;3,16;0,39;0,03;20,55;2,88;0,22;0,36;24,65;0,01;rain;140;0;50;21;109;1122,0;6,62;3,9751;3,1673;645,22;1,0442;0,2715;135,20;58,400;0,91;6,15;552,20;0,005
1;1351;8,11;0,05;22,24;0,16;3,09;0,15;0,04;21,78;7,38;3,16;0,39;0,03;20,55;2,88;0,22;0,36;24,65;0,01;rain;140;0;50;22;100;1099,0;6,69;5,2937;3,6774;546,3881;7,2337;0,0599;259,70;40,060;1,12;6,33;612,40;0,005
1;1351;8,11;0,05;22,24;0,16;3,09;0,15;0,04;21,78;7,38;3,16;0,39;0,03;20,55;2,88;0,22;0,36;24,65;0,01;rain;140;0;50;23;112;932,0;6,48;1,1029;4,9799;489,2186;1,798;0,2375;115,90;0,025;1,02;0,08;11,58;0,005
1;1351;8,11;0,05;22,24;0,16;3,09;0,15;0,04;21,78;7,38;3,16;0,39;0,03;20,55;2,88;0,22;0,36;24,65;0,01;snow;170;0;-5;1;164;1929,0;7,84;4,1296;12,6754;1447,4698;2,2573;0,1452;234,30;0,025;3,46;31,94;94,08;3,362
1;1351;8,11;0,05;22,24;0,16;3,09;0,15;0,04;21,78;7,38;3,16;0,39;0,03;20,55;2,88;0,22;0,36;24,65;0,01;snow;150;0;-5;10;119;2330,0;7,48;1,963;9,5711;1470,3641;0,8656;0,0291;265,60;0,025;1,93;13,31;1462,00;0,005
1;1351;8,11;0,05;22,24;0,16;3,09;0,15;0,04;21,78;7,38;3,16;0,39;0,03;20,55;2,88;0,22;0,36;24,65;0,01;snow;150;0;-5;11;133;2280,0;7,35;5,623;11,322;1421,325;0,8256;0,0885;263,9;0,025;1,8855;10,712;1420;0,005
1;1351;8,11;0,05;22,24;0,16;3,09;0,15;0,04;21,78;7,38;3,16;0,39;0,03;20,55;2,88;0,22;0,36;24,65;0,01;snow;150;0;-5;12;144;2210,0;7,31;3,6409;8,12;1353,7395;0,8893;0,0507;262,20;8,313;1,84;8,11;1377,00;0,005
1;1351;8,11;0,05;22,24;0,16;3,09;0,15;0,04;21,78;7,38;3,16;0,39;0,03;20,55;2,88;0,22;0,36;24,65;0,01;snow;150;0;-5;13;137;2140,0;7,24;2,4753;5,7511;1309,5791;0,6718;0,0363;299,50;92,970;0,96;5,16;997,30;0,005
1;1351;8,11;0,05;22,24;0,16;3,09;0,15;0,04;21,78;7,38;3,16;0,39;0,03;20,55;2,88;0,22;0,36;24,65;0,01;snow;150;0;-5;14;133;2210,0;7,23;2,8303;7,4941;1433,7917;0,3697;0,1552;280,80;74,250;1,27;6,16;1194,00;0,005
1;1351;8,11;0,05;22,24;0,16;3,09;0,15;0,04;21,78;7,38;3,16;0,39;0,03;20,55;2,88;0,22;0,36;24,65;0,01;snow;150;0;-5;15;134;2210,0;7,16;1,613;10,2511;1477,1388;0,3185;0,0906;274,90;48,400;1,17;5,17;1155,00;0,005
1;1351;8,11;0,05;22,24;0,16;3,09;0,15;0,04;21,78;7,38;3,16;0,39;0,03;20,55;2,88;0,22;0,36;24,65;0,01;snow;150;0;-5;2;131;1990,0;7,43;1,0048;8,7336;1571,5928;0,5486;0,1765;249,70;17,330;3,28;30,75;335,50;0,005
1;1351;8,11;0,05;22,24;0,16;3,09;0,15;0,04;21,78;7,38;3,16;0,39;0,03;20,55;2,88;0,22;0,36;24,65;0,01;snow;150;0;-5;3;133;1903,0;7,47;2,1033;11,2763;1408,3759;0,4775;0,0484;256,40;23,740;3,73;26,13;403,60;0,005
1;1351;8,11;0,05;22,24;0,16;3,09;0,15;0,04;21,78;7,38;3,16;0,39;0,03;20,55;2,88;0,22;0,36;24,65;0,01;snow;150;0;-5;4;126;1929,0;7,53;1,3182;5,8472;1325,0224;0,4847;0,2026;255,20;0,025;2,86;23,44;512,00;0,005
1;1351;8,11;0,05;22,24;0,16;3,09;0,15;0,04;21,78;7,38;3,16;0,39;0,03;20,55;2,88;0,22;0,36;24,65;0,01;snow;150;0;-5;5;132;1959,0;7,93;6,6963;21,6898;1382,177;1,0507;0,0801;325,90;15,300;5,15;33,04;2807,00;0,457
1;1351;8,11;0,05;22,24;0,16;3,09;0,15;0,04;21,78;7,38;3,16;0,39;0,03;20,55;2,88;0,22;0,36;24,65;0,01;snow;150;0;-5;6;142;2120,0;7,62;3,7905;12,0003;1489,194;0,4913;0,1723;259,80;0,025;3,30;20,13;1391,00;0,005
1;1351;8,11;0,05;22,24;0,16;3,09;0,15;0,04;21,78;7,38;3,16;0,39;0,03;20,55;2,88;0,22;0,36;24,65;0,01;snow;150;0;-5;7;126;2110,0;7,60;5,533;10,9055;1427,7402;1,2846;0,123;283,90;0,025;2,80;16,71;1026,00;0,005
1;1351;8,11;0,05;22,24;0,16;3,09;0,15;0,04;21,78;7,38;3,16;0,39;0,03;20,55;2,88;0,22;0,36;24,65;0,01;snow;150;0;-5;8;132;2120,0;7,83;6,3905;18,6426;1403,0084;0,9662;0,051;268,60;0,025;2,34;14,09;1369,00;0,005
1;1351;8,11;0,05;22,24;0,16;3,09;0,15;0,04;21,78;7,38;3,16;0,39;0,03;20,55;2,88;0,22;0,36;24,65;0,01;snow;150;0;-5;9;131;2210,0;7,46;4,5236;12,566;1435,25;0,9233;0,114;287,60;0,025;2,24;11,33;971,00;0,005
1;1351;8,11;0,05;22,24;0,16;3,09;0,15;0,04;21,78;7,38;3,16;0,39;0,03;20,55;2,88;0,22;0,36;24,65;0,01;snow;140;0;50;16;112;1075,0;6,73;5,0544;3,2862;653,4676;0,3301;0,1267;108,50;41,060;0,52;2,65;278,30;0,005
1;1351;8,11;0,05;22,24;0,16;3,09;0,15;0,04;21,78;7,38;3,16;0,39;0,03;20,55;2,88;0,22;0,36;24,65;0,01;snow;140;0;50;17;102;994,0;6,92;3,7137;4,2654;563,6164;1,0789;0,9007;157,80;53,820;0,62;2,35;417,70;0,005
1;1351;8,11;0,05;22,24;0,16;3,09;0,15;0,04;21,78;7,38;3,16;0,39;0,03;20,55;2,88;0,22;0,36;24,65;0,01;snow;140;0;50;18;104;1065,0;6,93;1,3682;3,8162;619,5762;1,3925;0,0318;122,10;1249,000;0,94;3,91;394,90;0,005
1;1351;8,11;0,05;22,24;0,16;3,09;0,15;0,04;21,78;7,38;3,16;0,39;0,03;20,55;2,88;0,22;0,36;24,65;0,01;snow;140;0;50;19;106;972,0;6,99;3,6445;4,6426;500,0545;7,16;0,1798;106,20;50,160;0,78;2,50;447,90;0,005
1;1351;8,11;0,05;22,24;0,16;3,09;0,15;0,04;21,78;7,38;3,16;0,39;0,03;20,55;2,88;0,22;0,36;24,65;0,01;snow;140;0;50;20;107;979,0;6,85;1,9534;4,27;617,8313;0,2785;0,0785;109,50;33,740;0,71;2,13;310,20;0,005
1;1351;8,11;0,05;22,24;0,16;3,09;0,15;0,04;21,78;7,38;3,16;0,39;0,03;20,55;2,88;0,22;0,36;24,65;0,01;snow;140;0;50;21;110;933,0;6,80;4,0323;4,4122;528,653;1,7853;0,0869;103,20;52,330;0,60;1,96;278,00;0,005
1;1351;8,11;0,05;22,24;0,16;3,09;0,15;0,04;21,78;7,38;3,16;0,39;0,03;20,55;2,88;0,22;0,36;24,65;0,01;snow;140;0;50;22;112;881,0;6,72;3,366;4,3336;448,3588;2,0713;0,062;116,60;25,560;1,32;2,67;327,50;0,005
1;1351;8,11;0,05;22,24;0,16;3,09;0,15;0,04;21,78;7,38;3,16;0,39;0,03;20,55;2,88;0,22;0,36;24,65;0,01;snow;140;0;50;23;114;872,0;6,70;2,3732;3,7646;463,7415;2,0984;0,1208;140,50;30,750;0,46;1,90;302,50;0,005
2;136,5;8,5;0,09;1,04;0,13;0,58;0,08;0,09;33,41;11,65;4,37;0,55;0,11;19,31;5,35;0,11;1,2;0,11;0,03;rain;140;0;-5;1;78;48,6;9,41;3,8553;14,5379;2,586;0,5146;0,2309;7,28;699,800;0,75;3,44;6,37;0,038
2;136,5;8,5;0,09;1,04;0,13;0,58;0,08;0,09;33,41;11,65;4,37;0,55;0,11;19,31;5,35;0,11;1,2;0,11;0,03;rain;140;0;-5;10;126;58,8;9,00;3,4112;8,8151;1,0324;0,376;0,0756;4,78;79,100;0,09;1,60;3,08;0,005
2;136,5;8,5;0,09;1,04;0,13;0,58;0,08;0,09;33,41;11,65;4,37;0,55;0,11;19,31;5,35;0,11;1,2;0,11;0,03;rain;140;0;-5;11;133;61,5;9,08;1,3397;11,847;0,9968;0,402;0,0996;5,00;239,400;0,12;1,90;2,99;0,005
2;136,5;8,5;0,09;1,04;0,13;0,58;0,08;0,09;33,41;11,65;4,37;0,55;0,11;19,31;5,35;0,11;1,2;0,11;0,03;rain;140;0;-5;12;136;61,0;9,05;2,0867;2,1448;1,8025;0,2471;0,1072;5,00;384,400;0,08;2,21;5,91;0,005
2;136,5;8,5;0,09;1,04;0,13;0,58;0,08;0,09;33,41;11,65;4,37;0,55;0,11;19,31;5,35;0,11;1,2;0,11;0,03;rain;140;0;-5;13;136;58,9;9,20;2,328;9,0479;0,9498;0,1874;0,0156;3,98;91,470;0,14;1,06;2,98;1,349
2;136,5;8,5;0,09;1,04;0,13;0,58;0,08;0,09;33,41;11,65;4,37;0,55;0,11;19,31;5,35;0,11;1,2;0,11;0,03;rain;140;0;-5;14;137;61,5;9,25;2,2681;1,8129;1,4367;0,3084;0,0345;4,34;129,400;0,16;1,07;3,65;1,621
2;136,5;8,5;0,09;1,04;0,13;0,58;0,08;0,09;33,41;11,65;4,37;0,55;0,11;19,31;5,35;0,11;1,2;0,11;0,03;rain;140;0;-5;15;136;56,7;9,32;4,277;10,985;1,2652;0,2368;0,0939;3,25;72,540;0,11;0,81;2,66;2,044
2;136,5;8,5;0,09;1,04;0,13;0,58;0,08;0,09;33,41;11,65;4,37;0,55;0,11;19,31;5,35;0,11;1,2;0,11;0,03;rain;140;0;-5;2;109;57,6;9,12;1,2726;13,2168;1,4288;0,4387;0,0978;4,97;314,500;0,30;2,62;2,14;0,005
2;136,5;8,5;0,09;1,04;0,13;0,58;0,08;0,09;33,41;11,65;4,37;0,55;0,11;19,31;5,35;0,11;1,2;0,11;0,03;rain;140;0;-5;3;139;58,0;9,25;2,7201;13,5469;7,7824;0,8302;0,1321;5,58;427,100;0,29;2,84;2,82;0,040
2;136,5;8,5;0,09;1,04;0,13;0,58;0,08;0,09;33,41;11,65;4,37;0,55;0,11;19,31;5,35;0,11;1,2;0,11;0,03;rain;140;0;-5;4;142;51,1;9,25;1,4745;12,3256;2,3956;0,7016;0,2149;5,28;375,800;0,26;2,52;2,78;0,068
2;136,5;8,5;0,09;1,04;0,13;0,58;0,08;0,09;33,41;11,65;4,37;0,55;0,11;19,31;5,35;0,11;1,2;0,11;0,03;rain;140;0;-5;5;131;49,4;9,25;1,9294;13,3104;1,081;0,2441;0,0976;4,60;209,300;0,16;1,98;2,03;0,054
2;136,5;8,5;0,09;1,04;0,13;0,58;0,08;0,09;33,41;11,65;4,37;0,55;0,11;19,31;5,35;0,11;1,2;0,11;0,03;rain;140;0;-5;6;134;49,6;9,26;4,5582;13,1089;1,0601;0,4721;0,4174;4,29;243,600;0,16;1,87;2,47;0,005
2;136,5;8,5;0,09;1,04;0,13;0,58;0,08;0,09;33,41;11,65;4,37;0,55;0,11;19,31;5,35;0,11;1,2;0,11;0,03;rain;140;0;-5;7;136;48,0;9,38;23,9445;13,6323;2,3204;0,8448;0,0955;5,68;236,800;0,24;2,09;3,16;0,005
2;136,5;8,5;0,09;1,04;0,13;0,58;0,08;0,09;33,41;11,65;4,37;0,55;0,11;19,31;5,35;0,11;1,2;0,11;0,03;rain;140;0;-5;8;134;49,8;9,12;1,9243;11,806;0,9325;0,1589;0,1378;4,71;512,100;0,25;2,28;3,32;0,071
2;136,5;8,5;0,09;1,04;0,13;0,58;0,08;0,09;33,41;11,65;4,37;0,55;0,11;19,31;5,35;0,11;1,2;0,11;0,03;rain;140;0;-5;9;134;60,8;9,11;2,5677;11,9886;1,0366;0,2384;0,034;3,88;136,300;0,07;1,47;1,65;0,030
2;136,5;8,5;0,09;1,04;0,13;0,58;0,08;0,09;33,41;11,65;4,37;0,55;0,11;19,31;5,35;0,11;1,2;0,11;0,03;rain;140;0;50;16;98;49,0;9,40;1,6654;8,438;0,9499;0,5538;0,1178;4,04;364,500;0,14;1,32;5,94;1,028
2;136,5;8,5;0,09;1,04;0,13;0,58;0,08;0,09;33,41;11,65;4,37;0,55;0,11;19,31;5,35;0,11;1,2;0,11;0,03;rain;140;0;50;17;106;48,5;9,42;2,4056;1,7337;1,2008;0,7466;0,3994;3,73;301,500;0,16;1,18;4,34;1,771
2;136,5;8,5;0,09;1,04;0,13;0,58;0,08;0,09;33,41;11,65;4,37;0,55;0,11;19,31;5,35;0,11;1,2;0,11;0,03;rain;140;0;50;18;104;62,0;9,47;3,0983;9,8072;16,6964;0,5376;0,0246;5,85;608,000;0,40;2,21;6,37;2,114
2;136,5;8,5;0,09;1,04;0,13;0,58;0,08;0,09;33,41;11,65;4,37;0,55;0,11;19,31;5,35;0,11;1,2;0,11;0,03;rain;140;0;50;19;110;45,7;9,69;5,9931;1,2961;22,6579;1,2803;1,532;2,78;76,250;0,16;0,53;1,72;1,625
2;136,5;8,5;0,09;1,04;0,13;0,58;0,08;0,09;33,41;11,65;4,37;0,55;0,11;19,31;5,35;0,11;1,2;0,11;0,03;rain;140;0;50;20;116;53,2;9,66;2,0998;6,84;7,6694;0,744;0,0503;2,57;78,380;0,14;0,47;2,17;1,441
2;136,5;8,5;0,09;1,04;0,13;0,58;0,08;0,09;33,41;11,65;4,37;0,55;0,11;19,31;5,35;0,11;1,2;0,11;0,03;rain;140;0;50;21;110;37,2;9,61;7,7968;11,6749;18,9218;4,798;0,0114;8,81;349,900;0,96;1,15;5,32;1,840
2;136,5;8,5;0,09;1,04;0,13;0,58;0,08;0,09;33,41;11,65;4,37;0,55;0,11;19,31;5,35;0,11;1,2;0,11;0,03;rain;140;0;50;22;106;40,3;9,57;9,5587;14,4196;51,5803;1,693;0,053;5,24;383,300;0,37;1,61;5,45;1,895
2;136,5;8,5;0,09;1,04;0,13;0,58;0,08;0,09;33,41;11,65;4,37;0,55;0,11;19,31;5,35;0,11;1,2;0,11;0,03;rain;140;0;50;23;100;48,0;9,29;11,3166;6,6309;19,6634;3,2935;0,0604;4,55;168,300;0,31;0,90;3,67;2,920
2;136,5;8,5;0,09;1,04;0,13;0,58;0,08;0,09;33,41;11,65;4,37;0,55;0,11;19,31;5,35;0,11;1,2;0,11;0,03;snow;170;0;-5;1;80;176,3;8,22;3,8305;13,7748;8,1806;1,7343;0,0672;13,33;20,530;0,69;7,01;15,58;0,177
2;136,5;8,5;0,09;1,04;0,13;0,58;0,08;0,09;33,41;11,65;4,37;0,55;0,11;19,31;5,35;0,11;1,2;0,11;0,03;snow;150;0;-5;10;136;102,5;8,39;2,6991;14,6677;18,3575;0,2805;0,0266;6,24;144,500;0,20;2,28;5,90;0,005
2;136,5;8,5;0,09;1,04;0,13;0,58;0,08;0,09;33,41;11,65;4,37;0,55;0,11;19,31;5,35;0,11;1,2;0,11;0,03;snow;150;0;-5;11;133;107,6;8,31;1,2643;12,3253;2,1246;0,6468;0,1219;7,22;349,700;0,22;2,61;7,73;0,088
2;136,5;8,5;0,09;1,04;0,13;0,58;0,08;0,09;33,41;11,65;4,37;0,55;0,11;19,31;5,35;0,11;1,2;0,11;0,03;snow;150;0;-5;12;140;105,7;8,38;3,2229;10,7543;18,0556;1,3562;0,0913;6,46;60,200;0,18;1,85;5,75;1,294
2;136,5;8,5;0,09;1,04;0,13;0,58;0,08;0,09;33,41;11,65;4,37;0,55;0,11;19,31;5,35;0,11;1,2;0,11;0,03;snow;150;0;-5;13;139;114,3;8,55;2,328;16,0629;0,9498;0,1874;0,0156;6,30;78,750;0,28;2,00;6,71;1,749
2;136,5;8,5;0,09;1,04;0,13;0,58;0,08;0,09;33,41;11,65;4,37;0,55;0,11;19,31;5,35;0,11;1,2;0,11;0,03;snow;150;0;-5;14;136;110,0;8,45;1,6175;15,3722;1,3897;0,2884;0,1601;9,50;129,500;0,40;2,97;8,35;1,429
2;136,5;8,5;0,09;1,04;0,13;0,58;0,08;0,09;33,41;11,65;4,37;0,55;0,11;19,31;5,35;0,11;1,2;0,11;0,03;snow;150;0;-5;15;134;97,7;8,55;1,809;14,1994;27,2203;0,1908;0,1409;6,96;187,900;0,24;2,23;5,68;1,174
2;136,5;8,5;0,09;1,04;0,13;0,58;0,08;0,09;33,41;11,65;4,37;0,55;0,11;19,31;5,35;0,11;1,2;0,11;0,03;snow;150;0;-5;2;137;121,6;8,44;1,732;14,6858;2,8746;0,4032;0,1466;8,37;140,700;0,38;4,22;2,60;0,112
2;136,5;8,5;0,09;1,04;0,13;0,58;0,08;0,09;33,41;11,65;4,37;0,55;0,11;19,31;5,35;0,11;1,2;0,11;0,03;snow;150;0;-5;3;130;106,2;8,55;1,9019;14,659;2,7837;0,8064;0,1291;8,70;181,900;0,49;4,40;1,63;0,005
2;136,5;8,5;0,09;1,04;0,13;0,58;0,08;0,09;33,41;11,65;4,37;0,55;0,11;19,31;5,35;0,11;1,2;0,11;0,03;snow;150;0;-5;4;145;100,6;8,62;2,2173;13,1289;9,9267;0,4937;0,0873;7,20;109,900;0,32;3,20;1,56;0,053
2;136,5;8,5;0,09;1,04;0,13;0,58;0,08;0,09;33,41;11,65;4,37;0,55;0,11;19,31;5,35;0,11;1,2;0,11;0,03;snow;150;0;-5;5;131;209,0;8,28;7,2368;24,28;11,774;0,7676;0,1785;12,85;42,740;0,67;6,47;7,61;1,358
2;136,5;8,5;0,09;1,04;0,13;0,58;0,08;0,09;33,41;11,65;4,37;0,55;0,11;19,31;5,35;0,11;1,2;0,11;0,03;snow;150;0;-5;6;128;110,0;8,56;1,6994;14,5859;2,3727;0,3247;0,0125;5,95;54,550;0,30;2,73;4,15;0,393
2;136,5;8,5;0,09;1,04;0,13;0,58;0,08;0,09;33,41;11,65;4,37;0,55;0,11;19,31;5,35;0,11;1,2;0,11;0,03;snow;150;0;-5;7;133;103,5;8,53;3,6532;11,5774;1,237;0,5079;0,0287;7,21;100,100;0,24;2,85;2,44;0,005
2;136,5;8,5;0,09;1,04;0,13;0,58;0,08;0,09;33,41;11,65;4,37;0,55;0,11;19,31;5,35;0,11;1,2;0,11;0,03;snow;150;0;-5;8;134;209,0;8,16;6,0058;22,5688;9,471;0,5059;0,072;11,88;56,070;0,40;5,60;4,67;1,303
2;136,5;8,5;0,09;1,04;0,13;0,58;0,08;0,09;33,41;11,65;4,37;0,55;0,11;19,31;5,35;0,11;1,2;0,11;0,03;snow;150;0;-5;9;131;118,1;8,31;4,8969;13,3121;2,4858;0,3929;0,1226;7,17;102,900;0,21;2,51;2,49;0,088
2;136,5;8,5;0,09;1,04;0,13;0,58;0,08;0,09;33,41;11,65;4,37;0,55;0,11;19,31;5,35;0,11;1,2;0,11;0,03;snow;140;0;50;16;86;47,9;9,39;3,1537;10,5521;0,8571;0,6082;0,087;4,12;131,900;0,31;0,97;4,00;2,807
2;136,5;8,5;0,09;1,04;0,13;0,58;0,08;0,09;33,41;11,65;4,37;0,55;0,11;19,31;5,35;0,11;1,2;0,11;0,03;snow;140;0;50;17;100;45,8;9,51;2,6479;11,3202;0,5291;0,3108;0,0908;7,28;827,000;0,43;2,76;9,15;2,462
2;136,5;8,5;0,09;1,04;0,13;0,58;0,08;0,09;33,41;11,65;4,37;0,55;0,11;19,31;5,35;0,11;1,2;0,11;0,03;snow;140;0;50;18;104;43,3;9,52;5,0832;11,848;1,8922;0,3847;0,0358;5,27;641,800;0,26;2,23;5,68;0,422
2;136,5;8,5;0,09;1,04;0,13;0,58;0,08;0,09;33,41;11,65;4,37;0,55;0,11;19,31;5,35;0,11;1,2;0,11;0,03;snow;140;0;50;19;104;61,6;9,52;1,5888;7,1116;11,8374;0,5425;0,0711;6,34;161,200;0,37;1,55;4,34;1,900
2;136,5;8,5;0,09;1,04;0,13;0,58;0,08;0,09;33,41;11,65;4,37;0,55;0,11;19,31;5,35;0,11;1,2;0,11;0,03;snow;140;0;50;20;106;66,9;9,51;3,1253;8,1253;13,3253;1,3253;0,0653;6,91;99,210;0,41;1,89;5,05;0,828
2;136,5;8,5;0,09;1,04;0,13;0,58;0,08;0,09;33,41;11,65;4,37;0,55;0,11;19,31;5,35;0,11;1,2;0,11;0,03;snow;140;0;50;21;98;60,5;9,39;4,9323;8,3934;15,0634;2,3532;0,8432;6,50;375,400;0,33;2,15;6,87;1,863
2;136,5;8,5;0,09;1,04;0,13;0,58;0,08;0,09;33,41;11,65;4,37;0,55;0,11;19,31;5,35;0,11;1,2;0,11;0,03;snow;140;0;50;22;104;61,4;9,42;3,1836;13,7831;49,5459;2,8585;0,0467;7,50;174,500;0,49;1,92;5,00;2,598
2;136,5;8,5;0,09;1,04;0,13;0,58;0,08;0,09;33,41;11,65;4,37;0,55;0,11;19,31;5,35;0,11;1,2;0,11;0,03;snow;140;0;50;23;114;39,9;9,46;9,8987;31,4872;4,8826;2,5079;0,0717;4,93;158,700;0,91;1,13;2,89;1,871
3;87,5;9,06;0,24;0,45;0,25;0,33;0,04;0,06;24,59;7,72;2,88;0,36;0,06;30,68;2,91;0,25;1,59;0,29;0,04;rain;140;0;-5;1;128;46,0;9,65;3,6862;8,5868;4,717;0,3136;0,4593;2,96;98,580;0,38;0,72;2,06;0,154
3;87,5;9,06;0,24;0,45;0,25;0,33;0,04;0,06;24,59;7,72;2,88;0,36;0,06;30,68;2,91;0,25;1,59;0,29;0,04;rain;140;0;-5;10;122;61,9;9,00;8,7081;6,4207;9,1452;0,6207;0,2044;3,93;56,570;0,74;1,73;44,90;0,706
3;87,5;9,06;0,24;0,45;0,25;0,33;0,04;0,06;24,59;7,72;2,88;0,36;0,06;30,68;2,91;0,25;1,59;0,29;0,04;rain;140;0;-5;11;129;75,1;9,00;2,8629;5,6063;11,794;1,0626;0,4562;3,43;52,420;0,62;1,91;37,27;0,582
3;87,5;9,06;0,24;0,45;0,25;0,33;0,04;0,06;24,59;7,72;2,88;0,36;0,06;30,68;2,91;0,25;1,59;0,29;0,04;rain;140;0;-5;12;131;75,0;8,96;2,64253;6,2356;9,1245;1,3562;0,3589;3,1605;61,02;0,6022;1,5345;31,8;0,9574
3;87,5;9,06;0,24;0,45;0,25;0,33;0,04;0,06;24,59;7,72;2,88;0,36;0,06;30,68;2,91;0,25;1,59;0,29;0,04;rain;140;0;-5;13;131;66,6;9,04;2,3201;8,8024;8,9009;0,2848;0,0476;2,89;69,610;0,58;1,16;26,32;1,333
3;87,5;9,06;0,24;0,45;0,25;0,33;0,04;0,06;24,59;7,72;2,88;0,36;0,06;30,68;2,91;0,25;1,59;0,29;0,04;rain;140;0;-5;14;134;69,1;9,07;1,7557;6,0304;8,9273;0,2939;0,0397;2,82;62,300;0,52;1,26;29,99;0,815
3;87,5;9,06;0,24;0,45;0,25;0,33;0,04;0,06;24,59;7,72;2,88;0,36;0,06;30,68;2,91;0,25;1,59;0,29;0,04;rain;140;0;-5;15;132;65,7;9,08;1,5473;13,2246;4,6042;0,2393;0,3675;2,19;48,960;0,43;1,13;25,80;1,107
3;87,5;9,06;0,24;0,45;0,25;0,33;0,04;0,06;24,59;7,72;2,88;0,36;0,06;30,68;2,91;0,25;1,59;0,29;0,04;rain;140;0;-5;2;130;53,0;9,35;2,5317;7,8384;8,3295;0,8815;0,401;4,10;47,850;0,54;1,43;4,37;0,005
3;87,5;9,06;0,24;0,45;0,25;0,33;0,04;0,06;24,59;7,72;2,88;0,36;0,06;30,68;2,91;0,25;1,59;0,29;0,04;rain;140;0;-5;3;131;71,1;9,24;4,6383;5,7425;14,5266;0,8427;0,7472;3,98;34,320;0,83;2,17;34,36;0,456
3;87,5;9,06;0,24;0,45;0,25;0,33;0,04;0,06;24,59;7,72;2,88;0,36;0,06;30,68;2,91;0,25;1,59;0,29;0,04;rain;140;0;-5;4;136;71,7;9,04;3,566;6,8161;16,8113;0,9142;0,1144;4,89;38,780;0,75;2,67;69,59;0,823
3;87,5;9,06;0,24;0,45;0,25;0,33;0,04;0,06;24,59;7,72;2,88;0,36;0,06;30,68;2,91;0,25;1,59;0,29;0,04;rain;140;0;-5;5;124;53,2;9,34;0,7883;8,9196;11,3368;3,3915;0,1159;2,92;52,640;0,44;1,47;20,57;0,094
3;87,5;9,06;0,24;0,45;0,25;0,33;0,04;0,06;24,59;7,72;2,88;0,36;0,06;30,68;2,91;0,25;1,59;0,29;0,04;rain;140;0;-5;6;132;66,8;9,15;1,4752;6,246;11,7164;0,2333;0,0667;2,97;43,070;0,48;1,76;47,18;0,052
3;87,5;9,06;0,24;0,45;0,25;0,33;0,04;0,06;24,59;7,72;2,88;0,36;0,06;30,68;2,91;0,25;1,59;0,29;0,04;rain;140;0;-5;7;133;69,4;9,13;1,7553;7,0565;13,4595;0,1973;0,1883;2,58;42,450;0,71;1,87;51,10;0,461
3;87,5;9,06;0,24;0,45;0,25;0,33;0,04;0,06;24,59;7,72;2,88;0,36;0,06;30,68;2,91;0,25;1,59;0,29;0,04;rain;140;0;-5;8;129;71,5;8,96;0,9818;9,4995;14,3565;0,1631;0,1402;3,03;34,930;0,56;1,89;38,81;0,005
3;87,5;9,06;0,24;0,45;0,25;0,33;0,04;0,06;24,59;7,72;2,88;0,36;0,06;30,68;2,91;0,25;1,59;0,29;0,04;rain;140;0;-5;9;131;71,6;8,96;5,4984;6,5464;11,5722;1,5266;0,1094;2,92;46,410;0,46;1,62;37,30;0,005
3;87,5;9,06;0,24;0,45;0,25;0,33;0,04;0,06;24,59;7,72;2,88;0,36;0,06;30,68;2,91;0,25;1,59;0,29;0,04;rain;140;0;50;16;112;51,0;8,87;0,3463;8,52;3,1043;0,2272;0,0627;2,36;94,400;0,76;1,34;40,22;0,171
3;87,5;9,06;0,24;0,45;0,25;0,33;0,04;0,06;24,59;7,72;2,88;0,36;0,06;30,68;2,91;0,25;1,59;0,29;0,04;rain;140;0;50;17;106;57,5;9,00;1,0095;5,5685;6,4324;0,2625;0,3937;1,20;68,290;0,43;0,91;27,32;0,028
3;87,5;9,06;0,24;0,45;0,25;0,33;0,04;0,06;24,59;7,72;2,88;0,36;0,06;30,68;2,91;0,25;1,59;0,29;0,04;rain;140;0;50;18;110;55,0;9,03;5,3556;4,7229;7,9569;1,5034;0,1084;1,94;81,670;0,48;1,02;31,88;0,076
3;87,5;9,06;0,24;0,45;0,25;0,33;0,04;0,06;24,59;7,72;2,88;0,36;0,06;30,68;2,91;0,25;1,59;0,29;0,04;rain;140;0;50;19;110;55,0;9,05;2,5062;4,4364;8,779;1,0536;0,0615;2,35;104,000;0,65;1,22;36,95;0,223
3;87,5;9,06;0,24;0,45;0,25;0,33;0,04;0,06;24,59;7,72;2,88;0,36;0,06;30,68;2,91;0,25;1,59;0,29;0,04;rain;140;0;50;20;110;71,4;9,01;2,4143;3,96;6,5429;1,2371;0,1071;3,01;111,500;1,05;1,64;49,93;0,005
3;87,5;9,06;0,24;0,45;0,25;0,33;0,04;0,06;24,59;7,72;2,88;0,36;0,06;30,68;2,91;0,25;1,59;0,29;0,04;rain;140;0;50;21;111;54,0;9,02;4,0774;5,444;9,4149;3,4651;0,1741;0,98;61,230;0,47;0,92;25,29;0,326
3;87,5;9,06;0,24;0,45;0,25;0,33;0,04;0,06;24,59;7,72;2,88;0,36;0,06;30,68;2,91;0,25;1,59;0,29;0,04;rain;140;0;50;22;111;56,7;9,04;4,1711;5,7871;12,0027;1,6467;0,0986;1,88;37,310;0,65;1,22;24,46;0,151
3;87,5;9,06;0,24;0,45;0,25;0,33;0,04;0,06;24,59;7,72;2,88;0,36;0,06;30,68;2,91;0,25;1,59;0,29;0,04;rain;140;0;50;23;114;60,9;8,59;5,077;2,0536;10,7377;8,3566;0,9771;1,22;44,440;0,54;1,17;24,52;0,012
3;87,5;9,06;0,24;0,45;0,25;0,33;0,04;0,06;24,59;7,72;2,88;0,36;0,06;30,68;2,91;0,25;1,59;0,29;0,04;snow;170;0;-5;1;167;176,6;8,36;5,7196;11,6404;33,4581;1,5077;0,1364;11,09;70,980;3,46;7,90;4,74;2,696
3;87,5;9,06;0,24;0,45;0,25;0,33;0,04;0,06;24,59;7,72;2,88;0,36;0,06;30,68;2,91;0,25;1,59;0,29;0,04;snow;150;0;-5;10;116;139,7;8,17;5,9439;11,7703;12,665;1,0313;0,0398;4,73;20,090;1,30;4,21;55,45;0,378
3;87,5;9,06;0,24;0,45;0,25;0,33;0,04;0,06;24,59;7,72;2,88;0,36;0,06;30,68;2,91;0,25;1,59;0,29;0,04;snow;150;0;-5;11;131;133,3;8,11;1,7117;10,08;7,7933;0,4258;0,1322;4,86;5,927;1,38;3,95;56,59;0,640
3;87,5;9,06;0,24;0,45;0,25;0,33;0,04;0,06;24,59;7,72;2,88;0,36;0,06;30,68;2,91;0,25;1,59;0,29;0,04;snow;150;0;-5;12;132;124,6;8,17;5,2004;11,242;5,9564;0,4051;0,1553;5,78;55,360;1,38;3,27;30,12;1,050
3;87,5;9,06;0,24;0,45;0,25;0,33;0,04;0,06;24,59;7,72;2,88;0,36;0,06;30,68;2,91;0,25;1,59;0,29;0,04;snow;150;0;-5;13;126;119,0;8,33;7,0455;7,8941;8,7359;0,3445;0,0299;4,11;61,750;1,12;2,88;32,34;1,374
3;87,5;9,06;0,24;0,45;0,25;0,33;0,04;0,06;24,59;7,72;2,88;0,36;0,06;30,68;2,91;0,25;1,59;0,29;0,04;snow;150;0;-5;14;130;108,6;8,41;2,7486;12,6931;3,8834;0,3984;0,0568;5,08;36,150;1,07;2,62;20,18;0,542
3;87,5;9,06;0,24;0,45;0,25;0,33;0,04;0,06;24,59;7,72;2,88;0,36;0,06;30,68;2,91;0,25;1,59;0,29;0,04;snow;150;0;-5;15;122;112,6;8,38;3,0169;25,1314;3,335;1,711;0,0698;7,10;58,180;1,58;3,72;31,47;1,423
3;87,5;9,06;0,24;0,45;0,25;0,33;0,04;0,06;24,59;7,72;2,88;0,36;0,06;30,68;2,91;0,25;1,59;0,29;0,04;snow;150;0;-5;2;132;171,2;8,46;2,4096;14,28;32,7747;1,1731;0,2027;8,16;48,990;2,30;6,15;6,15;1,169
3;87,5;9,06;0,24;0,45;0,25;0,33;0,04;0,06;24,59;7,72;2,88;0,36;0,06;30,68;2,91;0,25;1,59;0,29;0,04;snow;150;0;-5;3;144;165,6;8,31;10,9369;8,3932;31,4517;1,1718;0,1681;7,98;35,770;2,62;6,74;37,75;1,868
3;87,5;9,06;0,24;0,45;0,25;0,33;0,04;0,06;24,59;7,72;2,88;0,36;0,06;30,68;2,91;0,25;1,59;0,29;0,04;snow;150;0;-5;4;123;147,4;8,37;2,8058;11,8399;25,3681;0,5856;0,1474;8,44;44,090;2,53;6,77;22,85;0,985
3;87,5;9,06;0,24;0,45;0,25;0,33;0,04;0,06;24,59;7,72;2,88;0,36;0,06;30,68;2,91;0,25;1,59;0,29;0,04;snow;150;0;-5;5;137;324,0;8,41;7,9982;27,4034;47,2924;9,8996;0,0804;18,54;0,025;3,54;11,73;57,95;3,557
3;87,5;9,06;0,24;0,45;0,25;0,33;0,04;0,06;24,59;7,72;2,88;0,36;0,06;30,68;2,91;0,25;1,59;0,29;0,04;snow;150;0;-5;6;125;150,4;8,36;2,2692;13,7362;18,6951;0,3336;0,0833;5,82;30,980;1,73;4,92;50,31;0,916
3;87,5;9,06;0,24;0,45;0,25;0,33;0,04;0,06;24,59;7,72;2,88;0,36;0,06;30,68;2,91;0,25;1,59;0,29;0,04;snow;150;0;-5;7;132;133,5;8,42;0,7135;13,8264;11,0054;0,1624;0,0335;8,32;22,700;2,26;5,90;45,91;0,619
3;87,5;9,06;0,24;0,45;0,25;0,33;0,04;0,06;24,59;7,72;2,88;0,36;0,06;30,68;2,91;0,25;1,59;0,29;0,04;snow;150;0;-5;8;131;288,0;8,28;6,2595;27,0142;18,2874;0,9472;0,1483;14,95;8,157;2,56;9,94;33,85;2,354
3;87,5;9,06;0,24;0,45;0,25;0,33;0,04;0,06;24,59;7,72;2,88;0,36;0,06;30,68;2,91;0,25;1,59;0,29;0,04;snow;150;0;-5;9;128;136,8;8,16;7,3594;15,3537;9,3974;1,1179;0,0405;5,83;19,020;1,63;4,39;56,08;0,663
3;87,5;9,06;0,24;0,45;0,25;0,33;0,04;0,06;24,59;7,72;2,88;0,36;0,06;30,68;2,91;0,25;1,59;0,29;0,04;snow;140;0;50;16;112;46,0;9,16;1,6402;10,1254;2,7878;1,1001;0,3575;1,86;133,400;0,37;0,68;12,34;0,046
3;87,5;9,06;0,24;0,45;0,25;0,33;0,04;0,06;24,59;7,72;2,88;0,36;0,06;30,68;2,91;0,25;1,59;0,29;0,04;snow;140;0;50;17;104;45,2;9,02;1,4398;12,1;2,6446;0,3618;0,0978;1,74;112,700;0,38;0,55;9,88;0,068
3;87,5;9,06;0,24;0,45;0,25;0,33;0,04;0,06;24,59;7,72;2,88;0,36;0,06;30,68;2,91;0,25;1,59;0,29;0,04;snow;140;0;50;18;106;47,2;9,16;5,5292;11,4468;0,632;0,367;0,5031;2,12;169,000;0,67;0,91;13,86;0,005
3;87,5;9,06;0,24;0,45;0,25;0,33;0,04;0,06;24,59;7,72;2,88;0,36;0,06;30,68;2,91;0,25;1,59;0,29;0,04;snow;140;0;50;19;108;39,8;9,14;2,546;6,2982;4,2813;0,5757;0,1574;2,47;154,100;0,64;0,97;16,87;0,119
3;87,5;9,06;0,24;0,45;0,25;0,33;0,04;0,06;24,59;7,72;2,88;0,36;0,06;30,68;2,91;0,25;1,59;0,29;0,04;snow;140;0;50;20;98;42,0;9,15;1,2352;4,62;9,6538;0,4953;0,2586;1,24;100,900;0,35;0,60;12,00;0,175
3;87,5;9,06;0,24;0,45;0,25;0,33;0,04;0,06;24,59;7,72;2,88;0,36;0,06;30,68;2,91;0,25;1,59;0,29;0,04;snow;140;0;50;21;110;43,7;9,12;2,5623;7,623;15,3241;0,6258;0,2506;1,81;123,200;0,49;0,70;15,41;0,061
3;87,5;9,06;0,24;0,45;0,25;0,33;0,04;0,06;24,59;7,72;2,88;0,36;0,06;30,68;2,91;0,25;1,59;0,29;0,04;snow;140;0;50;22;100;53,9;9,17;2,3252;6,2412;17,8822;0,8426;0,2448;1,78;112,500;0,99;1,18;13,75;0,158
3;87,5;9,06;0,24;0,45;0,25;0,33;0,04;0,06;24,59;7,72;2,88;0,36;0,06;30,68;2,91;0,25;1,59;0,29;0,04;snow;140;0;50;23;112;54,3;8,64;3,7693;6,8061;34,6008;0,7935;1,3621;1,83;94,510;0,48;0,79;13,23;0,045
4;66,5;8,93;0,1;0,47;0,15;0,27;0,07;0,12;46,29;15,89;6,14;0,29;0,19;9,29;3,72;0,40;3,39;0,03;0,10;snow;200;1;-5;1;134;196;7,96;14,53262;38,21558;2,81011;476,426;2,14139;13,09;0,06;0,59;0,73;0,005;1,34
4;66,5;8,93;0,1;0,47;0,15;0,27;0,07;0,12;46,29;15,89;6,14;0,29;0,19;9,29;3,72;0,40;3,39;0,03;0,10;snow;200;1;-5;10;181;119;8,09;21,51098;40,6151;3,13415;774,0777;3,74077;11,79;0,06;0,7;0,75;0,005;0,97
4;66,5;8,93;0,1;0,47;0,15;0,27;0,07;0,12;46,29;15,89;6,14;0,29;0,19;9,29;3,72;0,40;3,39;0,03;0,10;snow;200;1;-5;11;175;123;8,06;;;;;;;;;;;
4;66,5;8,93;0,1;0,47;0,15;0,27;0,07;0,12;46,29;15,89;6,14;0,29;0,19;9,29;3,72;0,40;3,39;0,03;0,10;snow;200;1;-5;12;164;116;8,02;;;;;;;;;;;
4;66,5;8,93;0,1;0,47;0,15;0,27;0,07;0,12;46,29;15,89;6,14;0,29;0,19;9,29;3,72;0,40;3,39;0,03;0,10;snow;200;1;-5;13;182;129;8,33;;;;;;8,21;0,07;0,88;1,13;0,01;0,64
4;66,5;8,93;0,1;0,47;0,15;0,27;0,07;0,12;46,29;15,89;6,14;0,29;0,19;9,29;3,72;0,40;3,39;0,03;0,10;snow;200;1;-5;14;183;115;8,37;;;;;;;;;;;
4;66,5;8,93;0,1;0,47;0,15;0,27;0,07;0,12;46,29;15,89;6,14;0,29;0,19;9,29;3,72;0,40;3,39;0,03;0,10;snow;200;1;-5;15;192;120;8,18;15,55805;38,51746;3,12527;1089,5031;2,40199;13,54;0,06;0,56;0,82;0,005;0,91
4;66,5;8,93;0,1;0,47;0,15;0,27;0,07;0,12;46,29;15,89;6,14;0,29;0,19;9,29;3,72;0,40;3,39;0,03;0,10;snow;200;1;-5;2;150;150;8,22;51,52292;33,19326;6,96888;1105,9062;0,63352;8,68;0,10;0,72;0,91;0,01;1,30
4;66,5;8,93;0,1;0,47;0,15;0,27;0,07;0,12;46,29;15,89;6,14;0,29;0,19;9,29;3,72;0,40;3,39;0,03;0,10;snow;200;1;-5;3;175;120;8,26;22,14985;40,03177;4,23109;2182,1264;1,20992;10,98;0,07;0,56;0,69;0,005;1,5
4;66,5;8,93;0,1;0,47;0,15;0,27;0,07;0,12;46,29;15,89;6,14;0,29;0,19;9,29;3,72;0,40;3,39;0,03;0,10;snow;200;1;-5;4;175;128;8,15;44,221;33,66264;4,52187;944,2894;1,41864;10,24;0,20;0,70;0,97;0,01;1,46
4;66,5;8,93;0,1;0,47;0,15;0,27;0,07;0,12;46,29;15,89;6,14;0,29;0,19;9,29;3,72;0,40;3,39;0,03;0,10;snow;200;1;-5;5;174;122;8,06;46,51452;26,47067;5,44523;526,8855;1,87519;10,42;0,05;0,21;0,37;0,005;0,82
4;66,5;8,93;0,1;0,47;0,15;0,27;0,07;0,12;46,29;15,89;6,14;0,29;0,19;9,29;3,72;0,40;3,39;0,03;0,10;snow;200;1;-5;6;168;121;8,19;;;;;;;;;;;
4;66,5;8,93;0,1;0,47;0,15;0,27;0,07;0,12;46,29;15,89;6,14;0,29;0,19;9,29;3,72;0,40;3,39;0,03;0,10;snow;200;1;-5;7;165;122;7,98;55,98595;32,82583;2,70765;917,8204;0,7327;10,98;0,07;1,03;0,65;0,005;1,11
4;66,5;8,93;0,1;0,47;0,15;0,27;0,07;0,12;46,29;15,89;6,14;0,29;0,19;9,29;3,72;0,40;3,39;0,03;0,10;snow;200;1;-5;8;175;115;7,92;;;;;;;;;;;
4;66,5;8,93;0,1;0,47;0,15;0,27;0,07;0,12;46,29;15,89;6,14;0,29;0,19;9,29;3,72;0,40;3,39;0,03;0,10;snow;200;1;-5;9;180;111;8,16;;;;;;;;;;;
4;66,5;8,93;0,1;0,47;0,15;0,27;0,07;0,12;46,29;15,89;6,14;0,29;0,19;9,29;3,72;0,40;3,39;0,03;0,10;rain;150;1;50;1;100;67;8,6;0,7816 ;75,931;1,5675;0,3552;0,1022;2,29;0,005;1,62;0,239;0,005;1,76
4;66,5;8,93;0,1;0,47;0,15;0,27;0,07;0,12;46,29;15,89;6,14;0,29;0,19;9,29;3,72;0,40;3,39;0,03;0,10;rain;150;1;50;10;68;86;8,47;1,4055 ;70,6635;1,0683;0,3274;0,0158;14,1;0,005;2,81;1,16;0,0519;1,68
4;66,5;8,93;0,1;0,47;0,15;0,27;0,07;0,12;46,29;15,89;6,14;0,29;0,19;9,29;3,72;0,40;3,39;0,03;0,10;rain;150;1;50;11;71;82;8,55;;;;;;;;;;;
4;66,5;8,93;0,1;0,47;0,15;0,27;0,07;0,12;46,29;15,89;6,14;0,29;0,19;9,29;3,72;0,40;3,39;0,03;0,10;rain;150;1;50;12;69;85;8,53;;83,4028;2,1502;0,3618;0,0271;13,2;0,005;3,48;0,947;0,0616;1,36
4;66,5;8,93;0,1;0,47;0,15;0,27;0,07;0,12;46,29;15,89;6,14;0,29;0,19;9,29;3,72;0,40;3,39;0,03;0,10;rain;150;1;50;13;71;80;8,55;;;;;;;;;;;
4;66,5;8,93;0,1;0,47;0,15;0,27;0,07;0,12;46,29;15,89;6,14;0,29;0,19;9,29;3,72;0,40;3,39;0,03;0,10;rain;150;1;50;14;64;84;8,55;;;;;;;;;;;
4;66,5;8,93;0,1;0,47;0,15;0,27;0,07;0,12;46,29;15,89;6,14;0,29;0,19;9,29;3,72;0,40;3,39;0,03;0,10;rain;150;1;50;15;71;89;8,48;1,8734 ;88,7894;2,0463;0,377;0,0504;14,2;0,005;3,06;1,06;0,0375;1,34
4;66,5;8,93;0,1;0,47;0,15;0,27;0,07;0,12;46,29;15,89;6,14;0,29;0,19;9,29;3,72;0,40;3,39;0,03;0,10;rain;150;1;50;2;86;71;8,52;0,7397 ;89,3273;2,3092;1,1698;0,0548;7,32;0,005;1,61;0,576;0,005;2,12
4;66,5;8,93;0,1;0,47;0,15;0,27;0,07;0,12;46,29;15,89;6,14;0,29;0,19;9,29;3,72;0,40;3,39;0,03;0,10;rain;150;1;50;3;81;66;8,71;0,6439 ;82,2344;2,3513;0,3693;0,0335;10,3;0,005;0,50;0,758;0,0142;2,31
4;66,5;8,93;0,1;0,47;0,15;0,27;0,07;0,12;46,29;15,89;6,14;0,29;0,19;9,29;3,72;0,40;3,39;0,03;0,10;rain;150;1;50;4;68;115;8,33;0,6272 ;113,7238;2,3826;0,5779;0,016;16,5;0,005;1,85;1,29;0,0631;2,75
4;66,5;8,93;0,1;0,47;0,15;0,27;0,07;0,12;46,29;15,89;6,14;0,29;0,19;9,29;3,72;0,40;3,39;0,03;0,10;rain;150;1;50;5;68;90;8,48;0,6724 ;137,1071;3,285;0,4883;0,0126;12,4;0,005;2,59;1,93;0,0793;15,1
4;66,5;8,93;0,1;0,47;0,15;0,27;0,07;0,12;46,29;15,89;6,14;0,29;0,19;9,29;3,72;0,40;3,39;0,03;0,10;rain;150;1;50;6;67;80;8,61;;;;;;;;;;;
4;66,5;8,93;0,1;0,47;0,15;0,27;0,07;0,12;46,29;15,89;6,14;0,29;0,19;9,29;3,72;0,40;3,39;0,03;0,10;rain;150;1;50;7;66;72;8,43;18,1052 ;108,6901;3,0378;0,5533;0,0101;11,5;0,0117;1,59;1,67;0,11;11,8
4;66,5;8,93;0,1;0,47;0,15;0,27;0,07;0,12;46,29;15,89;6,14;0,29;0,19;9,29;3,72;0,40;3,39;0,03;0,10;rain;150;1;50;8;68;78;8,62;;;;;;;;;;;
4;66,5;8,93;0,1;0,47;0,15;0,27;0,07;0,12;46,29;15,89;6,14;0,29;0,19;9,29;3,72;0,40;3,39;0,03;0,10;rain;150;1;50;9;81;74;8,53;;;;;;;;;;;
4;66,5;8,93;0,1;0,47;0,15;0,27;0,07;0,12;46,29;15,89;6,14;0,29;0,19;9,29;3,72;0,40;3,39;0,03;0,10;rain;150;1;-5;1;104;60;8,64;0,7816 ;71,3839;1,8619;0,0475;0,0198;9,51;0,005;1,34;0,503;0,0150;1,33
4;66,5;8,93;0,1;0,47;0,15;0,27;0,07;0,12;46,29;15,89;6,14;0,29;0,19;9,29;3,72;0,40;3,39;0,03;0,10;rain;150;1;-5;10;142;58;8,57;1,4055 ;224,3239;3,5352;0,4898;0,0039;9,22;0,005;1,97;0,621;0,005;1,17
4;66,5;8,93;0,1;0,47;0,15;0,27;0,07;0,12;46,29;15,89;6,14;0,29;0,19;9,29;3,72;0,40;3,39;0,03;0,10;rain;150;1;-5;11;139;62;8,56;;;;;;;;;;;
4;66,5;8,93;0,1;0,47;0,15;0,27;0,07;0,12;46,29;15,89;6,14;0,29;0,19;9,29;3,72;0,40;3,39;0,03;0,10;rain;150;1;-5;12;138;56;8,26;;72,899;1,9616;0,3878;0,0114;8,34;0,005;2,19;0,536;0,0164;1,04
4;66,5;8,93;0,1;0,47;0,15;0,27;0,07;0,12;46,29;15,89;6,14;0,29;0,19;9,29;3,72;0,40;3,39;0,03;0,10;rain;150;1;-5;13;137;59;8,23;;;;;;;;;;;
4;66,5;8,93;0,1;0,47;0,15;0,27;0,07;0,12;46,29;15,89;6,14;0,29;0,19;9,29;3,72;0,40;3,39;0,03;0,10;rain;150;1;-5;14;137;61;8,57;;;;;;;;;;;
4;66,5;8,93;0,1;0,47;0,15;0,27;0,07;0,12;46,29;15,89;6,14;0,29;0,19;9,29;3,72;0,40;3,39;0,03;0,10;rain;150;1;-5;15;136;52;8,51;1,8734 ;87,1005;1,7815;0,3753;0,008;7,52;0,005;2,52;0,469;0,0127;0,697
4;66,5;8,93;0,1;0,47;0,15;0,27;0,07;0,12;46,29;15,89;6,14;0,29;0,19;9,29;3,72;0,40;3,39;0,03;0,10;rain;150;1;-5;2;134;64;8,46;0,7397 ;89,4415;1,9187;0,598;0,0587;10,7;0,005;0,50;0,748;0,005;1,88
4;66,5;8,93;0,1;0,47;0,15;0,27;0,07;0,12;46,29;15,89;6,14;0,29;0,19;9,29;3,72;0,40;3,39;0,03;0,10;rain;150;1;-5;3;138;78;8,35;0,6439 ;110,0636;2,1157;0,5827;0,019;13,1;0,005;0,50;0,935;0,0131;2,19
4;66,5;8,93;0,1;0,47;0,15;0,27;0,07;0,12;46,29;15,89;6,14;0,29;0,19;9,29;3,72;0,40;3,39;0,03;0,10;rain;150;1;-5;4;139;58;8,37;0,6272 ;78,3683;1,8561;0,4631;0,053;8,79;0,005;0,50;0,626;0,005;1,3
4;66,5;8,93;0,1;0,47;0,15;0,27;0,07;0,12;46,29;15,89;6,14;0,29;0,19;9,29;3,72;0,40;3,39;0,03;0,10;rain;150;1;-5;5;138;68;8,53;0,6724 ;88,9511;1,7298;0,5112;0,0294;10,4;0,005;0,50;1,14;0,0211;1,69
4;66,5;8,93;0,1;0,47;0,15;0,27;0,07;0,12;46,29;15,89;6,14;0,29;0,19;9,29;3,72;0,40;3,39;0,03;0,10;rain;150;1;-5;6;138;68;8,55;;;;;;;;;;;
4;66,5;8,93;0,1;0,47;0,15;0,27;0,07;0,12;46,29;15,89;6,14;0,29;0,19;9,29;3,72;0,40;3,39;0,03;0,10;rain;150;1;-5;7;135;58;8,42;18,1052 ;134,561;7,1113;1,2059;0,0062;8,11;0,0128 ;2,48;1,21;0,0256;12,8
4;66,5;8,93;0,1;0,47;0,15;0,27;0,07;0,12;46,29;15,89;6,14;0,29;0,19;9,29;3,72;0,40;3,39;0,03;0,10;rain;150;1;-5;8;138;57;8,44;;;;;;;;;;;
4;66,5;8,93;0,1;0,47;0,15;0,27;0,07;0,12;46,29;15,89;6,14;0,29;0,19;9,29;3,72;0,40;3,39;0,03;0,10;rain;150;1;-5;9;136;66;8,59;;;;;;;;;;;
4;66,5;8,93;0,1;0,47;0,15;0,27;0,07;0,12;46,29;15,89;6,14;0,29;0,19;9,29;3,72;0,40;3,39;0,03;0,10;rain;150;0;50;1;94;180;7,89;4,3086;40,8143;8,8806;0,1315;0,003;30,6;0,005;1,71;3,24;0,131;3,62
4;66,5;8,93;0,1;0,47;0,15;0,27;0,07;0,12;46,29;15,89;6,14;0,29;0,19;9,29;3,72;0,40;3,39;0,03;0,10;rain;150;0;50;10;68;85;8,62;;38,5744 ;1,0606 ;0,0409 ;0,0043 ;14,1;0,0223;2,83;1,05;0,005;1,92
4;66,5;8,93;0,1;0,47;0,15;0,27;0,07;0,12;46,29;15,89;6,14;0,29;0,19;9,29;3,72;0,40;3,39;0,03;0,10;rain;150;0;50;11;64;86;8,57;;;;;;;;;;;
4;66,5;8,93;0,1;0,47;0,15;0,27;0,07;0,12;46,29;15,89;6,14;0,29;0,19;9,29;3,72;0,40;3,39;0,03;0,10;rain;150;0;50;12;70;82;8,55;;47,3768;0,9248;0,0289;0,0009;13,1;0,0156;2,69;1,06;0,005;1,6
4;66,5;8,93;0,1;0,47;0,15;0,27;0,07;0,12;46,29;15,89;6,14;0,29;0,19;9,29;3,72;0,40;3,39;0,03;0,10;rain;150;0;50;13;72;78;8,6;;;;;;;;;;;
4;66,5;8,93;0,1;0,47;0,15;0,27;0,07;0,12;46,29;15,89;6,14;0,29;0,19;9,29;3,72;0,40;3,39;0,03;0,10;rain;150;0;50;14;69;74;8,65;;;;;;;;;;;
4;66,5;8,93;0,1;0,47;0,15;0,27;0,07;0,12;46,29;15,89;6,14;0,29;0,19;9,29;3,72;0,40;3,39;0,03;0,10;rain;150;0;50;15;72;80;8,48;1,4207;57,1117;1,1572;0,039;0,0006;13,4;0,005;1,52;1,15;0,0134;1,39
4;66,5;8,93;0,1;0,47;0,15;0,27;0,07;0,12;46,29;15,89;6,14;0,29;0,19;9,29;3,72;0,40;3,39;0,03;0,10;rain;150;0;50;2;74;94;8,34;1,3015;44,0857;1,7743;0,1328;0,0015;13,3;0,005;1,69;1,13;0,0202;1,88
4;66,5;8,93;0,1;0,47;0,15;0,27;0,07;0,12;46,29;15,89;6,14;0,29;0,19;9,29;3,72;0,40;3,39;0,03;0,10;rain;150;0;50;3;62;96;8,27;0,9854;61,604;1,9606;0,1456;0,0025;14,8;0,005;1,64;1,29;0,0232;2,34
4;66,5;8,93;0,1;0,47;0,15;0,27;0,07;0,12;46,29;15,89;6,14;0,29;0,19;9,29;3,72;0,40;3,39;0,03;0,10;rain;150;0;50;4;68;85;8,47;1,1114;51,0913;1,2737;0,0596;0,001;13,9;0,005;2,1;1,13;0,005;2,11
4;66,5;8,93;0,1;0,47;0,15;0,27;0,07;0,12;46,29;15,89;6,14;0,29;0,19;9,29;3,72;0,40;3,39;0,03;0,10;rain;150;0;50;5;66;68;8,33;0,7867;51,4163;1,0513;0,0486;0,001;13,6;0,005;1,2;1,1;0,005;2,04
4;66,5;8,93;0,1;0,47;0,15;0,27;0,07;0,12;46,29;15,89;6,14;0,29;0,19;9,29;3,72;0,40;3,39;0,03;0,10;rain;150;0;50;6;62;84;8,37;;;;;;;;;;;
4;66,5;8,93;0,1;0,47;0,15;0,27;0,07;0,12;46,29;15,89;6,14;0,29;0,19;9,29;3,72;0,40;3,39;0,03;0,10;rain;150;0;50;7;64;84;8,58;;50,0399 ;1,2459 ;0,0488 ;0,0029 ;12,8;0,149;4,49;1,01;0,005;2,36
4;66,5;8,93;0,1;0,47;0,15;0,27;0,07;0,12;46,29;15,89;6,14;0,29;0,19;9,29;3,72;0,40;3,39;0,03;0,10;rain;150;0;50;8;58;82;8,51;;;;;;;;;;;
4;66,5;8,93;0,1;0,47;0,15;0,27;0,07;0,12;46,29;15,89;6,14;0,29;0,19;9,29;3,72;0,40;3,39;0,03;0,10;rain;150;0;50;9;67;84;8,5;;;;;;;;;;;
4;66,5;8,93;0,1;0,47;0,15;0,27;0,07;0,12;46,29;15,89;6,14;0,29;0,19;9,29;3,72;0,40;3,39;0,03;0,10;rain;150;0;-5;1;100;68;8,46;0,4097 ;18,0218;0,7445;0,0687;0,0028;8,20;0,005;0,50;0,474;0,0416;1,00
4;66,5;8,93;0,1;0,47;0,15;0,27;0,07;0,12;46,29;15,89;6,14;0,29;0,19;9,29;3,72;0,40;3,39;0,03;0,10;rain;150;0;-5;10;137;50;8,34;0,4343 ;28,4978 ;0,7810 ;0,0314 ;0,0025;7,96;0,0154;1,07;0,648;0,0118;1
4;66,5;8,93;0,1;0,47;0,15;0,27;0,07;0,12;46,29;15,89;6,14;0,29;0,19;9,29;3,72;0,40;3,39;0,03;0,10;rain;150;0;-5;11;142;56;8,51;;;;;;;;;;;
4;66,5;8,93;0,1;0,47;0,15;0,27;0,07;0,12;46,29;15,89;6,14;0,29;0,19;9,29;3,72;0,40;3,39;0,03;0,10;rain;150;0;-5;12;138;54;8,42;;38,7079;0,3949;0,0107;0,0004;8,38;0,0571;0,50;0,699;0,0149;0,97
4;66,5;8,93;0,1;0,47;0,15;0,27;0,07;0,12;46,29;15,89;6,14;0,29;0,19;9,29;3,72;0,40;3,39;0,03;0,10;rain;150;0;-5;13;138;51;8,18;;;;;;;;;;;
4;66,5;8,93;0,1;0,47;0,15;0,27;0,07;0,12;46,29;15,89;6,14;0,29;0,19;9,29;3,72;0,40;3,39;0,03;0,10;rain;150;0;-5;14;124;54;8,24;;;;;;;;;;;
4;66,5;8,93;0,1;0,47;0,15;0,27;0,07;0,12;46,29;15,89;6,14;0,29;0,19;9,29;3,72;0,40;3,39;0,03;0,10;rain;150;0;-5;15;144;58;8,55;0,7314 ;42,1377;0,9429;0,0226;0,0009;10,4;0,005;0,50;0,899;0,0140;0,930
4;66,5;8,93;0,1;0,47;0,15;0,27;0,07;0,12;46,29;15,89;6,14;0,29;0,19;9,29;3,72;0,40;3,39;0,03;0,10;rain;150;0;-5;2;132;72;8,55;0,7158 ;41,3369;1,3824;0,1769;0,0023;11,4;0,005;0,50;0,968;0,0273;1,63
4;66,5;8,93;0,1;0,47;0,15;0,27;0,07;0,12;46,29;15,89;6,14;0,29;0,19;9,29;3,72;0,40;3,39;0,03;0,10;rain;150;0;-5;3;138;66;8,52;0,5767 ;36,1837;1,4277;0,0209;0,0009;9,12;0,0718;0,50;0,723;0,0146;1,98
4;66,5;8,93;0,1;0,47;0,15;0,27;0,07;0,12;46,29;15,89;6,14;0,29;0,19;9,29;3,72;0,40;3,39;0,03;0,10;rain;150;0;-5;4;132;61;8,61;0,4247 ;30,4984;0,9877;0,0206;0,0009;10,4;0,005;0,50;0,872;0,0189;1,34
4;66,5;8,93;0,1;0,47;0,15;0,27;0,07;0,12;46,29;15,89;6,14;0,29;0,19;9,29;3,72;0,40;3,39;0,03;0,10;rain;150;0;-5;5;135;59;8,53;0,2501 ;48,532;0,5392;0,0363;0,0009;6,14;0,005;0,50;0,523;0,005;0,792
4;66,5;8,93;0,1;0,47;0,15;0,27;0,07;0,12;46,29;15,89;6,14;0,29;0,19;9,29;3,72;0,40;3,39;0,03;0,10;rain;150;0;-5;6;135;57;8,42;;;;;;;;;;;
4;66,5;8,93;0,1;0,47;0,15;0,27;0,07;0,12;46,29;15,89;6,14;0,29;0,19;9,29;3,72;0,40;3,39;0,03;0,10;rain;150;0;-5;7;134;62;8,56;0,4992 ;38,6704 ;0,7824 ;0,0208 ;0,0006;10,3;0,0321;1,53;0,824;0,005;1,35
4;66,5;8,93;0,1;0,47;0,15;0,27;0,07;0,12;46,29;15,89;6,14;0,29;0,19;9,29;3,72;0,40;3,39;0,03;0,10;rain;150;0;-5;8;138;58;8,58;;;;;;;;;;;
4;66,5;8,93;0,1;0,47;0,15;0,27;0,07;0,12;46,29;15,89;6,14;0,29;0,19;9,29;3,72;0,40;3,39;0,03;0,10;rain;150;0;-5;9;132;58;8,55;;;;;;;;;;;
4;66,5;8,93;0,1;0,47;0,15;0,27;0,07;0,12;46,29;15,89;6,14;0,29;0,19;9,29;3,72;0,40;3,39;0,03;0,10;rain;45;0;50;1;3,7;/;/;2,5111;38,7994 ;8,7954 ;0,5214 ;0,0035;10,2;0,0619;0,500;0,893;0,0325;2,08
4;66,5;8,93;0,1;0,47;0,15;0,27;0,07;0,12;46,29;15,89;6,14;0,29;0,19;9,29;3,72;0,40;3,39;0,03;0,10;rain;45;0;50;10;0;/;/;;;;;;;;;;;
4;66,5;8,93;0,1;0,47;0,15;0,27;0,07;0,12;46,29;15,89;6,14;0,29;0,19;9,29;3,72;0,40;3,39;0,03;0,10;rain;45;0;50;11;0;/;/;;;;;;;;;;;
4;66,5;8,93;0,1;0,47;0,15;0,27;0,07;0,12;46,29;15,89;6,14;0,29;0,19;9,29;3,72;0,40;3,39;0,03;0,10;rain;45;0;50;12;0;/;/;;;;;;;;;;;
4;66,5;8,93;0,1;0,47;0,15;0,27;0,07;0,12;46,29;15,89;6,14;0,29;0,19;9,29;3,72;0,40;3,39;0,03;0,10;rain;45;0;50;13;0;/;/;;;;;;;;;;;
4;66,5;8,93;0,1;0,47;0,15;0,27;0,07;0,12;46,29;15,89;6,14;0,29;0,19;9,29;3,72;0,40;3,39;0,03;0,10;rain;45;0;50;14;0;/;/;;;;;;;;;;;
4;66,5;8,93;0,1;0,47;0,15;0,27;0,07;0,12;46,29;15,89;6,14;0,29;0,19;9,29;3,72;0,40;3,39;0,03;0,10;rain;45;0;50;15;0;/;/;;;;;;;;;;;
4;66,5;8,93;0,1;0,47;0,15;0,27;0,07;0,12;46,29;15,89;6,14;0,29;0,19;9,29;3,72;0,40;3,39;0,03;0,10;rain;45;0;50;2;0;/;/;;;;;;;;;;;
4;66,5;8,93;0,1;0,47;0,15;0,27;0,07;0,12;46,29;15,89;6,14;0,29;0,19;9,29;3,72;0,40;3,39;0,03;0,10;rain;45;0;50;3;0;/;/;;;;;;;;;;;
4;66,5;8,93;0,1;0,47;0,15;0,27;0,07;0,12;46,29;15,89;6,14;0,29;0,19;9,29;3,72;0,40;3,39;0,03;0,10;rain;45;0;50;4;0;/;/;;;;;;;;;;;
4;66,5;8,93;0,1;0,47;0,15;0,27;0,07;0,12;46,29;15,89;6,14;0,29;0,19;9,29;3,72;0,40;3,39;0,03;0,10;rain;45;0;50;5;0;/;/;;;;;;;;;;;
4;66,5;8,93;0,1;0,47;0,15;0,27;0,07;0,12;46,29;15,89;6,14;0,29;0,19;9,29;3,72;0,40;3,39;0,03;0,10;rain;45;0;50;6;0;/;/;;;;;;;;;;;
4;66,5;8,93;0,1;0,47;0,15;0,27;0,07;0,12;46,29;15,89;6,14;0,29;0,19;9,29;3,72;0,40;3,39;0,03;0,10;rain;45;0;50;7;0;/;/;;;;;;;;;;;
4;66,5;8,93;0,1;0,47;0,15;0,27;0,07;0,12;46,29;15,89;6,14;0,29;0,19;9,29;3,72;0,40;3,39;0,03;0,10;rain;45;0;50;8;0;/;/;;;;;;;;;;;
4;66,5;8,93;0,1;0,47;0,15;0,27;0,07;0,12;46,29;15,89;6,14;0,29;0,19;9,29;3,72;0,40;3,39;0,03;0,10;rain;45;0;50;9;0;/;/;;;;;;;;;;;
4;66,5;8,93;0,1;0,47;0,15;0,27;0,07;0,12;46,29;15,89;6,14;0,29;0,19;9,29;3,72;0,40;3,39;0,03;0,10;rain;45;0;-5;1;3,5;;7,83;3,5923;41,1138;4,5846;0,5056;0,0009;5,77;0,0478;0,50;0,513;0,0296;1,09
4;66,5;8,93;0,1;0,47;0,15;0,27;0,07;0,12;46,29;15,89;6,14;0,29;0,19;9,29;3,72;0,40;3,39;0,03;0,10;rain;45;0;-5;10;38;94;8,24;;60,4669 ;1,4628 ;0,0478 ;0,0047;14,4;0,036;4,53;1,24;0,0193;2,36
4;66,5;8,93;0,1;0,47;0,15;0,27;0,07;0,12;46,29;15,89;6,14;0,29;0,19;9,29;3,72;0,40;3,39;0,03;0,10;rain;45;0;-5;11;39;98;8,25;;;;;;;;;;;
4;66,5;8,93;0,1;0,47;0,15;0,27;0,07;0,12;46,29;15,89;6,14;0,29;0,19;9,29;3,72;0,40;3,39;0,03;0,10;rain;45;0;-5;12;39;115;8,32;;54,583;1,3335;0,0165;0,0022;15,3;0,0662;5,84;1,25;0,0181;1,9
4;66,5;8,93;0,1;0,47;0,15;0,27;0,07;0,12;46,29;15,89;6,14;0,29;0,19;9,29;3,72;0,40;3,39;0,03;0,10;rain;45;0;-5;13;39;94;8,22;;;;;;;;;;;
4;66,5;8,93;0,1;0,47;0,15;0,27;0,07;0,12;46,29;15,89;6,14;0,29;0,19;9,29;3,72;0,40;3,39;0,03;0,10;rain;45;0;-5;14;31;94;8,1;;;;;;;;;;;
4;66,5;8,93;0,1;0,47;0,15;0,27;0,07;0,12;46,29;15,89;6,14;0,29;0,19;9,29;3,72;0,40;3,39;0,03;0,10;rain;45;0;-5;15;43;115;8,28;0,8849;62,9785;1,5764;0,0271;0,0014;16,0;0,005;0,50;1,48;0,0151;2,18
4;66,5;8,93;0,1;0,47;0,15;0,27;0,07;0,12;46,29;15,89;6,14;0,29;0,19;9,29;3,72;0,40;3,39;0,03;0,10;rain;45;0;-5;2;39;140;8,17;1,4439;68,3997;2,1944;0,4174;0,0013;22,2;0,0212;0,50;2,06;0,0456;2,93
4;66,5;8,93;0,1;0,47;0,15;0,27;0,07;0,12;46,29;15,89;6,14;0,29;0,19;9,29;3,72;0,40;3,39;0,03;0,10;rain;45;0;-5;3;37;120;8,46;0,7008;60,4066;1,4622;0,2064;0,0014;15,2;0,0184;0,50;1,31;0,023;2,36
4;66,5;8,93;0,1;0,47;0,15;0,27;0,07;0,12;46,29;15,89;6,14;0,29;0,19;9,29;3,72;0,40;3,39;0,03;0,10;rain;45;0;-5;4;37;115;8,17;0,7354;46,4932;1,2188;0,1239;0,0017;16,3;0,0417;0,50;1,39;0,0323;2,23
4;66,5;8,93;0,1;0,47;0,15;0,27;0,07;0,12;46,29;15,89;6,14;0,29;0,19;9,29;3,72;0,40;3,39;0,03;0,10;rain;45;0;-5;5;38;96;8,35;2,5708;65,1317;5,3636;0,239;0,0027;15,5;0,005;0,50;1,46;0,0234;2,66
4;66,5;8,93;0,1;0,47;0,15;0,27;0,07;0,12;46,29;15,89;6,14;0,29;0,19;9,29;3,72;0,40;3,39;0,03;0,10;rain;45;0;-5;6;43;89;8,18;;;;;;;;;;;
4;66,5;8,93;0,1;0,47;0,15;0,27;0,07;0,12;46,29;15,89;6,14;0,29;0,19;9,29;3,72;0,40;3,39;0,03;0,10;rain;45;0;-5;7;37;100;8,16;;62,2967 ;1,4576 ;0,0821 ;0,0021;16,6;0,029;3,81;1,32;0,038;2,38
4;66,5;8,93;0,1;0,47;0,15;0,27;0,07;0,12;46,29;15,89;6,14;0,29;0,19;9,29;3,72;0,40;3,39;0,03;0,10;rain;45;0;-5;8;39;115;8,26;;;;;;;;;;;
4;66,5;8,93;0,1;0,47;0,15;0,27;0,07;0,12;46,29;15,89;6,14;0,29;0,19;9,29;3,72;0,40;3,39;0,03;0,10;rain;45;0;-5;9;41;96;8,25;;;;;;;;;;;
4;66,5;8,93;0,1;0,47;0,15;0,27;0,07;0,12;46,29;15,89;6,14;0,29;0,19;9,29;3,72;0,40;3,39;0,03;0,10;snow;200;0;-5;1;93;178;8,06;27,21321;37,42677;2,34508;401,1073;1,21911;19,47;0,06;1,22;1,7;0,005;3,31
4;66,5;8,93;0,1;0,47;0,15;0,27;0,07;0,12;46,29;15,89;6,14;0,29;0,19;9,29;3,72;0,40;3,39;0,03;0,10;snow;200;0;-5;10;131;158;8,16;14,72508;27,34982;2,19525;1216,2238;0,65773;22,83;0,09;0,88;1,84;0,005;1,64
4;66,5;8,93;0,1;0,47;0,15;0,27;0,07;0,12;46,29;15,89;6,14;0,29;0,19;9,29;3,72;0,40;3,39;0,03;0,10;snow;200;0;-5;11;138;139;8,21;;;;;;;;;;;
4;66,5;8,93;0,1;0,47;0,15;0,27;0,07;0,12;46,29;15,89;6,14;0,29;0,19;9,29;3,72;0,40;3,39;0,03;0,10;snow;200;0;-5;12;134;150;8,15;;;;;;;;;;;
4;66,5;8,93;0,1;0,47;0,15;0,27;0,07;0,12;46,29;15,89;6,14;0,29;0,19;9,29;3,72;0,40;3,39;0,03;0,10;snow;200;0;-5;13;142;149;8,18;;;;;;10,27;0,07;0,92;1,30;0,01;1,78
4;66,5;8,93;0,1;0,47;0,15;0,27;0,07;0,12;46,29;15,89;6,14;0,29;0,19;9,29;3,72;0,40;3,39;0,03;0,10;snow;200;0;-5;14;141;140;8,07;;;;;;;;;;;
4;66,5;8,93;0,1;0,47;0,15;0,27;0,07;0,12;46,29;15,89;6,14;0,29;0,19;9,29;3,72;0,40;3,39;0,03;0,10;snow;200;0;-5;15;129;162;8,26;37,77569;42,32637;3,35062;876,8259;1,52536;14,99;0,06;0,9;2,19;0,005;1,95
4;66,5;8,93;0,1;0,47;0,15;0,27;0,07;0,12;46,29;15,89;6,14;0,29;0,19;9,29;3,72;0,40;3,39;0,03;0,10;snow;200;0;-5;2;144;160;8,11;20,64599;37,58655;1,93213;230,3473;0,72805;17,54;0,06;0,89;1,67;0,01;2,57
4;66,5;8,93;0,1;0,47;0,15;0,27;0,07;0,12;46,29;15,89;6,14;0,29;0,19;9,29;3,72;0,40;3,39;0,03;0,10;snow;200;0;-5;3;131;160;8,1;29,72585;71,45064;2,1022;726,1633;1,9799;14,33;0,05;0,44;0,95;0,005;2,02
4;66,5;8,93;0,1;0,47;0,15;0,27;0,07;0,12;46,29;15,89;6,14;0,29;0,19;9,29;3,72;0,40;3,39;0,03;0,10;snow;200;0;-5;4;148;157;8,06;18,41227;39,83104;2,55258;740,6064;6,3105;15,97;0,12;0,91;1,70;0,01;1,80
4;66,5;8,93;0,1;0,47;0,15;0,27;0,07;0,12;46,29;15,89;6,14;0,29;0,19;9,29;3,72;0,40;3,39;0,03;0,10;snow;200;0;-5;5;136;152;7,94;9,05692;37,70109;1,19814;449,6195;0,61391;16,38;0,05;0,55;1,17;0,005;2,23
4;66,5;8,93;0,1;0,47;0,15;0,27;0,07;0,12;46,29;15,89;6,14;0,29;0,19;9,29;3,72;0,40;3,39;0,03;0,10;snow;200;0;-5;6;146;143;8,33;;;;;;;;;;;
4;66,5;8,93;0,1;0,47;0,15;0,27;0,07;0,12;46,29;15,89;6,14;0,29;0,19;9,29;3,72;0,40;3,39;0,03;0,10;snow;200;0;-5;7;137;156;8,04;7,46532;36,84213;1,98758;1333,4647;6,67052;15,41;0,08;0,69;1,47;0,005;2,19
4;66,5;8,93;0,1;0,47;0,15;0,27;0,07;0,12;46,29;15,89;6,14;0,29;0,19;9,29;3,72;0,40;3,39;0,03;0,10;snow;200;0;-5;8;143;149;8,15;;;;;;;;;;;
4;66,5;8,93;0,1;0,47;0,15;0,27;0,07;0,12;46,29;15,89;6,14;0,29;0,19;9,29;3,72;0,40;3,39;0,03;0,10;snow;200;0;-5;9;132;148;8,2;;;;;;;;;;;
5;132,2;8,85;0,98;0,66;0,79;0,47;0,13;0,17;49,30;14,87;5,37;0,39;0,08;8,92;4,22;0,54;3,30;0,05;0,17;snow;200;1;-5;1;131;188;8,24;0,49291;0,81234;0,67121;798,0455;0,12446;14,03;0,07;0,52;0,51;0,005;1,78
5;132,2;8,85;0,98;0,66;0,79;0,47;0,13;0,17;49,30;14,87;5,37;0,39;0,08;8,92;4,22;0,54;3,30;0,05;0,17;snow;200;1;-5;10;170;120;8,33;13,09828;32,21619;2,15419;1219,6019;0,17704;8,75;0,07;0,69;0,66;0,005;0,51
5;132,2;8,85;0,98;0,66;0,79;0,47;0,13;0,17;49,30;14,87;5,37;0,39;0,08;8,92;4,22;0,54;3,30;0,05;0,17;snow;200;1;-5;11;164;121;8,21;;;;;;;;;;;
5;132,2;8,85;0,98;0,66;0,79;0,47;0,13;0,17;49,30;14,87;5,37;0,39;0,08;8,92;4,22;0,54;3,30;0,05;0,17;snow;200;1;-5;12;178;121;8,05;;;;;;;;;;;
5;132,2;8,85;0,98;0,66;0,79;0,47;0,13;0,17;49,30;14,87;5,37;0,39;0,08;8,92;4,22;0,54;3,30;0,05;0,17;snow;200;1;-5;13;173;121;8,34;;;;;;7,05;0,10;0,54;0,55;0,01;0,49
5;132,2;8,85;0,98;0,66;0,79;0,47;0,13;0,17;49,30;14,87;5,37;0,39;0,08;8,92;4,22;0,54;3,30;0,05;0,17;snow;200;1;-5;14;176;115;8,24;;;;;;;;;;;
5;132,2;8,85;0,98;0,66;0,79;0,47;0,13;0,17;49,30;14,87;5,37;0,39;0,08;8,92;4,22;0,54;3,30;0,05;0,17;snow;200;1;-5;15;174;120;8,26;8,21832;36,94823;2,02052;596,6258;1,33042;11,58;0,07;0,67;0,74;0,005;0,52
5;132,2;8,85;0,98;0,66;0,79;0,47;0,13;0,17;49,30;14,87;5,37;0,39;0,08;8,92;4,22;0,54;3,30;0,05;0,17;snow;200;1;-5;2;142;142;8,14;0,35275;0,80986;0,75001;1225,9279;0,00083;11,20;0,08;0,91;0,77;0,01;2,74
5;132,2;8,85;0,98;0,66;0,79;0,47;0,13;0,17;49,30;14,87;5,37;0,39;0,08;8,92;4,22;0,54;3,30;0,05;0,17;snow;200;1;-5;3;189;118;8,2;0,20381;0,34329;0,37619;1099,745;0,00333;8,42;0,08;0,2;0,24;0,005;1,03
5;132,2;8,85;0,98;0,66;0,79;0,47;0,13;0,17;49,30;14,87;5,37;0,39;0,08;8,92;4,22;0,54;3,30;0,05;0,17;snow;200;1;-5;4;179;119;8,32;27,71566;40,67154;12,88576;6428,5775;0,18257;8,48;0,08;0,79;0,53;0,01;1,34
5;132,2;8,85;0,98;0,66;0,79;0,47;0,13;0,17;49,30;14,87;5,37;0,39;0,08;8,92;4,22;0,54;3,30;0,05;0,17;snow;200;1;-5;5;186;123;8,1;8,64917;35,29076;3,18147;944,2853;0,09276;13,37;0,08;0,97;0,83;0,005;1,4
5;132,2;8,85;0,98;0,66;0,79;0,47;0,13;0,17;49,30;14,87;5,37;0,39;0,08;8,92;4,22;0,54;3,30;0,05;0,17;snow;200;1;-5;6;182;117;8,35;;;;;;;;;;;
5;132,2;8,85;0,98;0,66;0,79;0,47;0,13;0,17;49,30;14,87;5,37;0,39;0,08;8,92;4,22;0,54;3,30;0,05;0,17;snow;200;1;-5;7;184;117;8,02;38,33414;36,20275;6,65333;1780,1591;0,13628;8,75;0,09;0,34;0,53;0,005;1,008
5;132,2;8,85;0,98;0,66;0,79;0,47;0,13;0,17;49,30;14,87;5,37;0,39;0,08;8,92;4,22;0,54;3,30;0,05;0,17;snow;200;1;-5;8;170;117;8,09;;;;;;;;;;;
5;132,2;8,85;0,98;0,66;0,79;0,47;0,13;0,17;49,30;14,87;5,37;0,39;0,08;8,92;4,22;0,54;3,30;0,05;0,17;snow;200;1;-5;9;164;120;8,07;;;;;;;;;;;
5;132,2;8,85;0,98;0,66;0,79;0,47;0,13;0,17;49,30;14,87;5,37;0,39;0,08;8,92;4,22;0,54;3,30;0,05;0,17;rain;150;1;50;1;114;60;8,81;;74,2701;2,9149;0,6081;0,0157;8,95;0,005;1,5;0,473;0,0126;1,43
5;132,2;8,85;0,98;0,66;0,79;0,47;0,13;0,17;49,30;14,87;5,37;0,39;0,08;8,92;4,22;0,54;3,30;0,05;0,17;rain;150;1;50;10;78;70;8,5;;80,3823;2,9793;0,5908;0,0097;3,29;0,005;2,6;0,301;0,005;1,39
5;132,2;8,85;0,98;0,66;0,79;0,47;0,13;0,17;49,30;14,87;5,37;0,39;0,08;8,92;4,22;0,54;3,30;0,05;0,17;rain;150;1;50;11;81;73;8,57;;;;;;;;;;;
5;132,2;8,85;0,98;0,66;0,79;0,47;0,13;0,17;49,30;14,87;5,37;0,39;0,08;8,92;4,22;0,54;3,30;0,05;0,17;rain;150;1;50;12;85;71;8,62;;74,9714;2,6632;0,4676;0,0073;11,1;0,005;1,99;0,677;0,034;1,15
5;132,2;8,85;0,98;0,66;0,79;0,47;0,13;0,17;49,30;14,87;5,37;0,39;0,08;8,92;4,22;0,54;3,30;0,05;0,17;rain;150;1;50;13;80;64;8,66;;;;;;;;;;;
5;132,2;8,85;0,98;0,66;0,79;0,47;0,13;0,17;49,30;14,87;5,37;0,39;0,08;8,92;4,22;0,54;3,30;0,05;0,17;rain;150;1;50;14;79;64;8,65;;;;;;;;;;;
5;132,2;8,85;0,98;0,66;0,79;0,47;0,13;0,17;49,30;14,87;5,37;0,39;0,08;8,92;4,22;0,54;3,30;0,05;0,17;rain;150;1;50;15;79;76;8,57;;101,4379;3,839;0,7706;0,0263;12,4;0,0124;2,93;0,753;0,0237;1,1
5;132,2;8,85;0,98;0,66;0,79;0,47;0,13;0,17;49,30;14,87;5,37;0,39;0,08;8,92;4,22;0,54;3,30;0,05;0,17;rain;150;1;50;2;103;80;8,58;;80,9451;3,2337;0,6354;0,0092;12,5;0,005;1,46;0,882;0,005;2,65
5;132,2;8,85;0,98;0,66;0,79;0,47;0,13;0,17;49,30;14,87;5,37;0,39;0,08;8,92;4,22;0,54;3,30;0,05;0,17;rain;150;1;50;3;100;79;8,46;;80,6424;1,8924;0,484;0,02;10,9;0,005;0,50;0,679;0,0116;1,78
5;132,2;8,85;0,98;0,66;0,79;0,47;0,13;0,17;49,30;14,87;5,37;0,39;0,08;8,92;4,22;0,54;3,30;0,05;0,17;rain;150;1;50;4;101;82;8,46;;88,2256;5,043;0,6484;0,1017;12,9;0,005;1,1;0,878;0,031;2,61
5;132,2;8,85;0,98;0,66;0,79;0,47;0,13;0,17;49,30;14,87;5,37;0,39;0,08;8,92;4,22;0,54;3,30;0,05;0,17;rain;150;1;50;5;104;68;8,56;;87,9711;3,7622;0,5506;0,0834;9,61;0,135;1,39;1,34;0,04;13,3
5;132,2;8,85;0,98;0,66;0,79;0,47;0,13;0,17;49,30;14,87;5,37;0,39;0,08;8,92;4,22;0,54;3,30;0,05;0,17;rain;150;1;50;6;91;80;8,49;;;;;;;;;;;
5;132,2;8,85;0,98;0,66;0,79;0,47;0,13;0,17;49,30;14,87;5,37;0,39;0,08;8,92;4,22;0,54;3,30;0,05;0,17;rain;150;1;50;7;84;74;8,19;;87,7894;2,2941;0,28;0,011;11,3;0,0246;1,53;1,99;0,0648;13,9
5;132,2;8,85;0,98;0,66;0,79;0,47;0,13;0,17;49,30;14,87;5,37;0,39;0,08;8,92;4,22;0,54;3,30;0,05;0,17;rain;150;1;50;8;83;79;8,43;;;;;;;;;;;
5;132,2;8,85;0,98;0,66;0,79;0,47;0,13;0,17;49,30;14,87;5,37;0,39;0,08;8,92;4,22;0,54;3,30;0,05;0,17;rain;150;1;50;9;71;85;8,6;;;;;;;;;;;
5;132,2;8,85;0,98;0,66;0,79;0,47;0,13;0,17;49,30;14,87;5,37;0,39;0,08;8,92;4,22;0,54;3,30;0,05;0,17;rain;150;1;-5;1;112;60;8,78;0,9198;61,3571;1,9558;0,1798;0,0106;10,9;0,005;1,18;0,557;0,0191;1,65
5;132,2;8,85;0,98;0,66;0,79;0,47;0,13;0,17;49,30;14,87;5,37;0,39;0,08;8,92;4,22;0,54;3,30;0,05;0,17;rain;150;1;-5;10;139;64;8,61;0,5837;69,764;2,0412;0,4053;0,0219;10,5;0,016;1,53;0,736;0,005;1,07
5;132,2;8,85;0,98;0,66;0,79;0,47;0,13;0,17;49,30;14,87;5,37;0,39;0,08;8,92;4,22;0,54;3,30;0,05;0,17;rain;150;1;-5;11;135;62;8,61;;;;;;;;;;;
5;132,2;8,85;0,98;0,66;0,79;0,47;0,13;0,17;49,30;14,87;5,37;0,39;0,08;8,92;4,22;0,54;3,30;0,05;0,17;rain;150;1;-5;12;142;55;8,29;;68,5583;2,3167;0,2484;0,0081;8,01;0,005;2,04;0,583;0,0144;0,826
5;132,2;8,85;0,98;0,66;0,79;0,47;0,13;0,17;49,30;14,87;5,37;0,39;0,08;8,92;4,22;0,54;3,30;0,05;0,17;rain;150;1;-5;13;138;64;8,45;;;;;;;;;;;
5;132,2;8,85;0,98;0,66;0,79;0,47;0,13;0,17;49,30;14,87;5,37;0,39;0,08;8,92;4,22;0,54;3,30;0,05;0,17;rain;150;1;-5;14;135;60;8,56;;;;;;;;;;;
5;132,2;8,85;0,98;0,66;0,79;0,47;0,13;0,17;49,30;14,87;5,37;0,39;0,08;8,92;4,22;0,54;3,30;0,05;0,17;rain;150;1;-5;15;137;54;8,46;1,9192;85,2037;2,0222;0,3037;0,0079;8,83;0,005;2,18;0,622;0,0153;0,791
5;132,2;8,85;0,98;0,66;0,79;0,47;0,13;0,17;49,30;14,87;5,37;0,39;0,08;8,92;4,22;0,54;3,30;0,05;0,17;rain;150;1;-5;2;137;78;8,62;1,0167;100,8682;2,8365;0,6322;0,0245;13;0,005;0,50;0,865;0,013;2,57
5;132,2;8,85;0,98;0,66;0,79;0,47;0,13;0,17;49,30;14,87;5,37;0,39;0,08;8,92;4,22;0,54;3,30;0,05;0,17;rain;150;1;-5;3;137;80;8,4;1,2745;109,4814;3,2985;0,4543;0,0269;13,2;0,005;0,50;0,896;0,0138;2,52
5;132,2;8,85;0,98;0,66;0,79;0,47;0,13;0,17;49,30;14,87;5,37;0,39;0,08;8,92;4,22;0,54;3,30;0,05;0,17;rain;150;1;-5;4;129;62;8,47;0,8645;83,3297;2,6417;0,4382;0,0324;9,92;0,005;0,50;0,694;0,005;1,72
5;132,2;8,85;0,98;0,66;0,79;0,47;0,13;0,17;49,30;14,87;5,37;0,39;0,08;8,92;4,22;0,54;3,30;0,05;0,17;rain;150;1;-5;5;136;70;8,58;6,7035;86,1727;3,8065;0,3075;0,0186;11,6;0,089;0,50;1,31;0,02;14,7
5;132,2;8,85;0,98;0,66;0,79;0,47;0,13;0,17;49,30;14,87;5,37;0,39;0,08;8,92;4,22;0,54;3,30;0,05;0,17;rain;150;1;-5;6;140;64;8,57;;;;;;;;;;;
5;132,2;8,85;0,98;0,66;0,79;0,47;0,13;0,17;49,30;14,87;5,37;0,39;0,08;8,92;4,22;0,54;3,30;0,05;0,17;rain;150;1;-5;7;136;55;8,51;5,0007;84,26;2,8115;0,4192;0,0102;8,31;0,0321;1,12;1,25;0,0238;11,5
5;132,2;8,85;0,98;0,66;0,79;0,47;0,13;0,17;49,30;14,87;5,37;0,39;0,08;8,92;4,22;0,54;3,30;0,05;0,17;rain;150;1;-5;8;136;61;8,56;;;;;;;;;;;
5;132,2;8,85;0,98;0,66;0,79;0,47;0,13;0,17;49,30;14,87;5,37;0,39;0,08;8,92;4,22;0,54;3,30;0,05;0,17;rain;150;1;-5;9;138;58;8,60 ;;;;;;;;;;;
5;132,2;8,85;0,98;0,66;0,79;0,47;0,13;0,17;49,30;14,87;5,37;0,39;0,08;8,92;4,22;0,54;3,30;0,05;0,17;rain;150;0;50;1;100;62;8,62;0,82;28,798;1,5983;0,1274;0,0023;10,71;0,101;0,50;0,762;0,0319;1,92
5;132,2;8,85;0,98;0,66;0,79;0,47;0,13;0,17;49,30;14,87;5,37;0,39;0,08;8,92;4,22;0,54;3,30;0,05;0,17;rain;150;0;50;10;83;64;8,68;;36,7655;1,0326;0,0186;0,0012;11;0,0538;1,25;0,618;0,005;1,36
5;132,2;8,85;0,98;0,66;0,79;0,47;0,13;0,17;49,30;14,87;5,37;0,39;0,08;8,92;4,22;0,54;3,30;0,05;0,17;rain;150;0;50;11;84;59;8,61;;;;;;;;;;;
5;132,2;8,85;0,98;0,66;0,79;0,47;0,13;0,17;49,30;14,87;5,37;0,39;0,08;8,92;4,22;0,54;3,30;0,05;0,17;rain;150;0;50;12;70;74;8,53;;44,8607;1,6547;0,0159;0,0009;12,1;0,0995;1,99;0,707;0,0106;1,25
5;132,2;8,85;0,98;0,66;0,79;0,47;0,13;0,17;49,30;14,87;5,37;0,39;0,08;8,92;4,22;0,54;3,30;0,05;0,17;rain;150;0;50;13;74;64;8,73;;;;;;;;;;;
5;132,2;8,85;0,98;0,66;0,79;0,47;0,13;0,17;49,30;14,87;5,37;0,39;0,08;8,92;4,22;0,54;3,30;0,05;0,17;rain;150;0;50;14;64;57;8,72;;;;;;;;;;;
5;132,2;8,85;0,98;0,66;0,79;0,47;0,13;0,17;49,30;14,87;5,37;0,39;0,08;8,92;4,22;0,54;3,30;0,05;0,17;rain;150;0;50;15;76;66;8,51;0,8673;41,8398;1,1926;0,0368;0,0004;12,3;0,005;0,50;0,713;0,005;0,896
5;132,2;8,85;0,98;0,66;0,79;0,47;0,13;0,17;49,30;14,87;5,37;0,39;0,08;8,92;4,22;0,54;3,30;0,05;0,17;rain;150;0;50;2;98;70;8,64;0,7042;34,6597;1,4429;0,0402;0,0013;9,33;0,0307;1,16;0,630;0,005;1,76
5;132,2;8,85;0,98;0,66;0,79;0,47;0,13;0,17;49,30;14,87;5,37;0,39;0,08;8,92;4,22;0,54;3,30;0,05;0,17;rain;150;0;50;3;94;82;8,26;1,1305;44,7414;2,085;0,0942;0,002;12,2;0,0171;2,24;0,799;0,005;2,19
5;132,2;8,85;0,98;0,66;0,79;0,47;0,13;0,17;49,30;14,87;5,37;0,39;0,08;8,92;4,22;0,54;3,30;0,05;0,17;rain;150;0;50;4;90;76;8,32;0,6076;32,0216;1,6894;0,0403;0,0007;12,0;0,146;0,50;0,676;0,005;1,79
5;132,2;8,85;0,98;0,66;0,79;0,47;0,13;0,17;49,30;14,87;5,37;0,39;0,08;8,92;4,22;0,54;3,30;0,05;0,17;rain;150;0;50;5;90;70;8,69;0,3741;45,8523;1,3914;0,029;0,001;12,3;0,005;0,50;0,854;0,005;1,98
5;132,2;8,85;0,98;0,66;0,79;0,47;0,13;0,17;49,30;14,87;5,37;0,39;0,08;8,92;4,22;0,54;3,30;0,05;0,17;rain;150;0;50;6;89;68;8,48;;;;;;;;;;;
5;132,2;8,85;0,98;0,66;0,79;0,47;0,13;0,17;49,30;14,87;5,37;0,39;0,08;8,92;4,22;0,54;3,30;0,05;0,17;rain;150;0;50;7;81;68;8,55;;43,029;2,1023;0,0253;0,004;10,5;0,0967;1,77;0,609;0,005;2,01
5;132,2;8,85;0,98;0,66;0,79;0,47;0,13;0,17;49,30;14,87;5,37;0,39;0,08;8,92;4,22;0,54;3,30;0,05;0,17;rain;150;0;50;8;78;66;8,72;;;;;;;;;;;
5;132,2;8,85;0,98;0,66;0,79;0,47;0,13;0,17;49,30;14,87;5,37;0,39;0,08;8,92;4,22;0,54;3,30;0,05;0,17;rain;150;0;50;9;85;64;8,77;;;;;;;;;;;
5;132,2;8,85;0,98;0,66;0,79;0,47;0,13;0,17;49,30;14,87;5,37;0,39;0,08;8,92;4,22;0,54;3,30;0,05;0,17;rain;150;0;-5;1;106;64;8,67;0,7537;20,6053;1,5881;0,0419;0,0025;9,32;0,0743;0,50;0,448;0,0301;1,61
5;132,2;8,85;0,98;0,66;0,79;0,47;0,13;0,17;49,30;14,87;5,37;0,39;0,08;8,92;4,22;0,54;3,30;0,05;0,17;rain;150;0;-5;10;138;59;8,71;0,6349;34,4475;1,1642;0,021;0,0016;9,49;0,0415;1,12;0,603;0,0121;1,16
5;132,2;8,85;0,98;0,66;0,79;0,47;0,13;0,17;49,30;14,87;5,37;0,39;0,08;8,92;4,22;0,54;3,30;0,05;0,17;rain;150;0;-5;11;132;58;8,54;;;;;;;;;;;
5;132,2;8,85;0,98;0,66;0,79;0,47;0,13;0,17;49,30;14,87;5,37;0,39;0,08;8,92;4,22;0,54;3,30;0,05;0,17;rain;150;0;-5;12;141;58;8,55;;37,7894;0,513;0,0122;0,0006;10,7;0,582;0,50;0,771;0,0282;0,964
5;132,2;8,85;0,98;0,66;0,79;0,47;0,13;0,17;49,30;14,87;5,37;0,39;0,08;8,92;4,22;0,54;3,30;0,05;0,17;rain;150;0;-5;13;148;55;8,43;;;;;;;;;;;
5;132,2;8,85;0,98;0,66;0,79;0,47;0,13;0,17;49,30;14,87;5,37;0,39;0,08;8,92;4,22;0,54;3,30;0,05;0,17;rain;150;0;-5;14;124;52;8,26;;;;;;;;;;;
5;132,2;8,85;0,98;0,66;0,79;0,47;0,13;0,17;49,30;14,87;5,37;0,39;0,08;8,92;4,22;0,54;3,30;0,05;0,17;rain;150;0;-5;15;148;58;8,59;0,5209;50,5363;0,8883;0,0213;0,0004;9,94;0,005;0,50;0,637;0,005;1,23
5;132,2;8,85;0,98;0,66;0,79;0,47;0,13;0,17;49,30;14,87;5,37;0,39;0,08;8,92;4,22;0,54;3,30;0,05;0,17;rain;150;0;-5;2;132;78;8,71;1,1614;25,0293;1,9953;0,0579;0,0034;10,4;0,0332;0,50;0,632;0,0194;1,82
5;132,2;8,85;0,98;0,66;0,79;0,47;0,13;0,17;49,30;14,87;5,37;0,39;0,08;8,92;4,22;0,54;3,30;0,05;0,17;rain;150;0;-5;3;134;64;8,76;0,612;36,2639;1,4175;0,0223;0,0007;8,54;0,0167;0,50;0,498;0,0201;1,56
5;132,2;8,85;0,98;0,66;0,79;0,47;0,13;0,17;49,30;14,87;5,37;0,39;0,08;8,92;4,22;0,54;3,30;0,05;0,17;rain;150;0;-5;4;132;65;8,59;0,4247;30,4984;0,9877;0,0206;0,0009;10,0;0,005;0,50;0,536;0,0205;1,37
5;132,2;8,85;0,98;0,66;0,79;0,47;0,13;0,17;49,30;14,87;5,37;0,39;0,08;8,92;4,22;0,54;3,30;0,05;0,17;rain;150;0;-5;5;147;50;8,46;0,3237;37,744;1,0474;0,0229;0,0011;9,11;0,0168;0,50;0,601;0,0203;1,25
5;132,2;8,85;0,98;0,66;0,79;0,47;0,13;0,17;49,30;14,87;5,37;0,39;0,08;8,92;4,22;0,54;3,30;0,05;0,17;rain;150;0;-5;6;135;58;8,65;;;;;;;;;;;
5;132,2;8,85;0,98;0,66;0,79;0,47;0,13;0,17;49,30;14,87;5,37;0,39;0,08;8,92;4,22;0,54;3,30;0,05;0,17;rain;150;0;-5;7;132;56;8,54;0,4701;32,218;1,0468;0,0229;0,0003;9,48;0,04;1,25;0,568;0,0138;1,33
5;132,2;8,85;0,98;0,66;0,79;0,47;0,13;0,17;49,30;14,87;5,37;0,39;0,08;8,92;4,22;0,54;3,30;0,05;0,17;rain;150;0;-5;8;147;54;8,55;;;;;;;;;;;
5;132,2;8,85;0,98;0,66;0,79;0,47;0,13;0,17;49,30;14,87;5,37;0,39;0,08;8,92;4,22;0,54;3,30;0,05;0,17;rain;150;0;-5;9;133;58;8,74;;;;;;;;;;;
5;132,2;8,85;0,98;0,66;0,79;0,47;0,13;0,17;49,30;14,87;5,37;0,39;0,08;8,92;4,22;0,54;3,30;0,05;0,17;rain;45;0;50;1;16;135;8,18;3,0955;37,5675;2,9064;0,1867;0,0007;20,1;0,0206;0,500;1,30;0,0511;5,11
5;132,2;8,85;0,98;0,66;0,79;0,47;0,13;0,17;49,30;14,87;5,37;0,39;0,08;8,92;4,22;0,54;3,30;0,05;0,17;rain;45;0;50;10;0;/;/;;;;;;;;;;;
5;132,2;8,85;0,98;0,66;0,79;0,47;0,13;0,17;49,30;14,87;5,37;0,39;0,08;8,92;4,22;0,54;3,30;0,05;0,17;rain;45;0;50;11;0;/;/;;;;;;;;;;;
5;132,2;8,85;0,98;0,66;0,79;0,47;0,13;0,17;49,30;14,87;5,37;0,39;0,08;8,92;4,22;0,54;3,30;0,05;0,17;rain;45;0;50;12;0;/;/;;;;;;;;;;;
5;132,2;8,85;0,98;0,66;0,79;0,47;0,13;0,17;49,30;14,87;5,37;0,39;0,08;8,92;4,22;0,54;3,30;0,05;0,17;rain;45;0;50;13;0;/;/;;;;;;;;;;;
5;132,2;8,85;0,98;0,66;0,79;0,47;0,13;0,17;49,30;14,87;5,37;0,39;0,08;8,92;4,22;0,54;3,30;0,05;0,17;rain;45;0;50;14;0;/;/;;;;;;;;;;;
5;132,2;8,85;0,98;0,66;0,79;0,47;0,13;0,17;49,30;14,87;5,37;0,39;0,08;8,92;4,22;0,54;3,30;0,05;0,17;rain;45;0;50;15;0;/;/;;;;;;;;;;;
5;132,2;8,85;0,98;0,66;0,79;0,47;0,13;0,17;49,30;14,87;5,37;0,39;0,08;8,92;4,22;0,54;3,30;0,05;0,17;rain;45;0;50;2;8;150;8,1;3,7606;76,0312;4,1881;0,2286;0,0012;19,6;0,0375;0,500;1,41;0,0509;5,64
5;132,2;8,85;0,98;0,66;0,79;0,47;0,13;0,17;49,30;14,87;5,37;0,39;0,08;8,92;4,22;0,54;3,30;0,05;0,17;rain;45;0;50;3;1,2;/;8,16;;;;;;;;;;;
5;132,2;8,85;0,98;0,66;0,79;0,47;0,13;0,17;49,30;14,87;5,37;0,39;0,08;8,92;4,22;0,54;3,30;0,05;0,17;rain;45;0;50;4;1,2;/;/;;;;;;;;;;;
5;132,2;8,85;0,98;0,66;0,79;0,47;0,13;0,17;49,30;14,87;5,37;0,39;0,08;8,92;4,22;0,54;3,30;0,05;0,17;rain;45;0;50;5;0;/;/;;;;;;;;;;;
5;132,2;8,85;0,98;0,66;0,79;0,47;0,13;0,17;49,30;14,87;5,37;0,39;0,08;8,92;4,22;0,54;3,30;0,05;0,17;rain;45;0;50;6;0;/;/;;;;;;;;;;;
5;132,2;8,85;0,98;0,66;0,79;0,47;0,13;0,17;49,30;14,87;5,37;0,39;0,08;8,92;4,22;0,54;3,30;0,05;0,17;rain;45;0;50;7;0;/;/;;;;;;;;;;;
5;132,2;8,85;0,98;0,66;0,79;0,47;0,13;0,17;49,30;14,87;5,37;0,39;0,08;8,92;4,22;0,54;3,30;0,05;0,17;rain;45;0;50;8;0;/;/;;;;;;;;;;;
5;132,2;8,85;0,98;0,66;0,79;0,47;0,13;0,17;49,30;14,87;5,37;0,39;0,08;8,92;4,22;0,54;3,30;0,05;0,17;rain;45;0;50;9;0;/;/;;;;;;;;;;;
5;132,2;8,85;0,98;0,66;0,79;0,47;0,13;0,17;49,30;14,87;5,37;0,39;0,08;8,92;4,22;0,54;3,30;0,05;0,17;rain;45;0;-5;1;13;150;7,91;4,4737;33,7394;4,0248;0,5377;0,0019;23,5;0,286;0,50;2,09;0,191;4,84
5;132,2;8,85;0,98;0,66;0,79;0,47;0,13;0,17;49,30;14,87;5,37;0,39;0,08;8,92;4,22;0,54;3,30;0,05;0,17;rain;45;0;-5;10;39;85;8,47;;54,7966;1,9811;0,0429;0,0015;14,5;0,182;1,83;1,03;0,0266;2,42
5;132,2;8,85;0,98;0,66;0,79;0,47;0,13;0,17;49,30;14,87;5,37;0,39;0,08;8,92;4,22;0,54;3,30;0,05;0,17;rain;45;0;-5;11;41;92;8,31;;;;;;;;;;;
5;132,2;8,85;0,98;0,66;0,79;0,47;0,13;0,17;49,30;14,87;5,37;0,39;0,08;8,92;4,22;0,54;3,30;0,05;0,17;rain;45;0;-5;12;38;93;8,30 ;;62,1165;4,1308;0,0312;0,0024;16,7;0,386;2,38;1,19;0,0369;2,23
5;132,2;8,85;0,98;0,66;0,79;0,47;0,13;0,17;49,30;14,87;5,37;0,39;0,08;8,92;4,22;0,54;3,30;0,05;0,17;rain;45;0;-5;13;39;94;8,22;;;;;;;;;;;
5;132,2;8,85;0,98;0,66;0,79;0,47;0,13;0,17;49,30;14,87;5,37;0,39;0,08;8,92;4,22;0,54;3,30;0,05;0,17;rain;45;0;-5;14;45;87;8,27;;;;;;;;;;;
5;132,2;8,85;0,98;0,66;0,79;0,47;0,13;0,17;49,30;14,87;5,37;0,39;0,08;8,92;4,22;0,54;3,30;0,05;0,17;rain;45;0;-5;15;45;87;8,27;2,3178;65,6422;1,3221;0,0436;0,0006;15,5;0,005;0,50;1,08;0,0161;2,11
5;132,2;8,85;0,98;0,66;0,79;0,47;0,13;0,17;49,30;14,87;5,37;0,39;0,08;8,92;4,22;0,54;3,30;0,05;0,17;rain;45;0;-5;2;37;130;8,14;1,6478;61,989;3,0233;0,2119;0,0015;25,3;0,519;0,50;2,13;0,131;3,80
5;132,2;8,85;0,98;0,66;0,79;0,47;0,13;0,17;49,30;14,87;5,37;0,39;0,08;8,92;4,22;0,54;3,30;0,05;0,17;rain;45;0;-5;3;37;110;8,43;1,1791;68,734;2,2011;0,1133;0,0008;19,4;0,155;0,50;1,55;0,0675;3,51
5;132,2;8,85;0,98;0,66;0,79;0,47;0,13;0,17;49,30;14,87;5,37;0,39;0,08;8,92;4,22;0,54;3,30;0,05;0,17;rain;45;0;-5;4;37;115;8,07;1,2894;54,4837;2,7915;0,0851;0,0008;17,5;0,005;0,50;1,21;0,0253;3,60
5;132,2;8,85;0,98;0,66;0,79;0,47;0,13;0,17;49,30;14,87;5,37;0,39;0,08;8,92;4,22;0,54;3,30;0,05;0,17;rain;45;0;-5;5;39;95;8,44;1,0979;47,4374;2,6321;0,0654;0,0006;15,5;0,005;0,50;1,13;0,0214;3,36
5;132,2;8,85;0,98;0,66;0,79;0,47;0,13;0,17;49,30;14,87;5,37;0,39;0,08;8,92;4,22;0,54;3,30;0,05;0,17;rain;45;0;-5;6;46;98;8,36;;;;;;;;;;;
5;132,2;8,85;0,98;0,66;0,79;0,47;0,13;0,17;49,30;14,87;5,37;0,39;0,08;8,92;4,22;0,54;3,30;0,05;0,17;rain;45;0;-5;7;37;96;8,42;;59,3506;2,4178;0,0473;0,0007;15,7;0,0735;3,75;0,953;0,0239;2,5
5;132,2;8,85;0,98;0,66;0,79;0,47;0,13;0,17;49,30;14,87;5,37;0,39;0,08;8,92;4,22;0,54;3,30;0,05;0,17;rain;45;0;-5;8;41;90;8,21;;;;;;;;;;;
5;132,2;8,85;0,98;0,66;0,79;0,47;0,13;0,17;49,30;14,87;5,37;0,39;0,08;8,92;4,22;0,54;3,30;0,05;0,17;rain;45;0;-5;9;39;85;8,47;;;;;;;;;;;
5;132,2;8,85;0,98;0,66;0,79;0,47;0,13;0,17;49,30;14,87;5,37;0,39;0,08;8,92;4,22;0,54;3,30;0,05;0,17;snow;200;0;-5;1;106;215;7,99;13,87435;40,71414;2,30058;393,389;1,56552;13,99;0,06;0,99;1,48;0,005;3,64
5;132,2;8,85;0,98;0,66;0,79;0,47;0,13;0,17;49,30;14,87;5,37;0,39;0,08;8,92;4,22;0,54;3,30;0,05;0,17;snow;200;0;-5;10;148;175;8,21;27,42864;57,26778;6,57142;984,5598;1,38083;16,97;0,11;1,18;1,63;0,005;1,24
5;132,2;8,85;0,98;0,66;0,79;0,47;0,13;0,17;49,30;14,87;5,37;0,39;0,08;8,92;4,22;0,54;3,30;0,05;0,17;snow;200;0;-5;11;145;163;8,22;;;;;;;;;;;
5;132,2;8,85;0,98;0,66;0,79;0,47;0,13;0,17;49,30;14,87;5,37;0,39;0,08;8,92;4,22;0,54;3,30;0,05;0,17;snow;200;0;-5;12;137;148;8,16;;;;;;;;;;;
5;132,2;8,85;0,98;0,66;0,79;0,47;0,13;0,17;49,30;14,87;5,37;0,39;0,08;8,92;4,22;0,54;3,30;0,05;0,17;snow;200;0;-5;13;139;143;8,14;;;;;;12,98;0,06;0,75;0,93;0,01;1,66
5;132,2;8,85;0,98;0,66;0,79;0,47;0,13;0,17;49,30;14,87;5,37;0,39;0,08;8,92;4,22;0,54;3,30;0,05;0,17;snow;200;0;-5;14;123;145;8,14;;;;;;;;;;;
5;132,2;8,85;0,98;0,66;0,79;0,47;0,13;0,17;49,30;14,87;5,37;0,39;0,08;8,92;4,22;0,54;3,30;0,05;0,17;snow;200;0;-5;15;140;170;8,05;36,96291;50,87102;8,49059;942,4345;1,04248;14,33;0,06;0,71;1,24;0,005;1,88
5;132,2;8,85;0,98;0,66;0,79;0,47;0,13;0,17;49,30;14,87;5,37;0,39;0,08;8,92;4,22;0,54;3,30;0,05;0,17;snow;200;0;-5;2;144;155;9,03;38,61413;12,95139;76,74877;1261,4094;1,90834;11,39;0,08;0,71;1,24;0,01;2,10
5;132,2;8,85;0,98;0,66;0,79;0,47;0,13;0,17;49,30;14,87;5,37;0,39;0,08;8,92;4,22;0,54;3,30;0,05;0,17;snow;200;0;-5;3;126;191;8,16;30,3049;41,1851;4,18576;1027,5834;0,99095;17,65;0,07;1,02;1,81;0,005;2,44
5;132,2;8,85;0,98;0,66;0,79;0,47;0,13;0,17;49,30;14,87;5,37;0,39;0,08;8,92;4,22;0,54;3,30;0,05;0,17;snow;200;0;-5;4;147;165;8,12;31,63636;40,57098;5,01252;694,494;1,74132;14,05;0,08;0,87;1,41;0,01;2,79
5;132,2;8,85;0,98;0,66;0,79;0,47;0,13;0,17;49,30;14,87;5,37;0,39;0,08;8,92;4,22;0,54;3,30;0,05;0,17;snow;200;0;-5;5;130;130;8,02;38,31153;40,21891;5,94477;692,9893;1,3151;14,76;0,06;1,15;1,01;0,005;2,85
5;132,2;8,85;0,98;0,66;0,79;0,47;0,13;0,17;49,30;14,87;5,37;0,39;0,08;8,92;4,22;0,54;3,30;0,05;0,17;snow;200;0;-5;6;158;131;8,03;;;;;;;;;;;
5;132,2;8,85;0,98;0,66;0,79;0,47;0,13;0,17;49,30;14,87;5,37;0,39;0,08;8,92;4,22;0,54;3,30;0,05;0,17;snow;200;0;-5;7;138;140;8,17;50,95083;63,17854;6,66594;952,195;1,62194;21,48;0,08;0,67;1,14;0,005;2,31
5;132,2;8,85;0,98;0,66;0,79;0,47;0,13;0,17;49,30;14,87;5,37;0,39;0,08;8,92;4,22;0,54;3,30;0,05;0,17;snow;200;0;-5;8;141;136;8,08;;;;;;;;;;;
5;132,2;8,85;0,98;0,66;0,79;0,47;0,13;0,17;49,30;14,87;5,37;0,39;0,08;8,92;4,22;0,54;3,30;0,05;0,17;snow;200;0;-5;9;144;132;8,11;;;;;;;;;;;
6;126;9,04;0,56;0,67;0,45;0,5;0,08;0,11;43,42;14,51;4,56;0,36;0,04;19,64;4,46;0,51;2,65;0,45;0,11;rain;150;1;50;1;102;205;8,72;;62,8031;28,7075;0,4953;0,0156;23;0,005;6,07;9,3;0,0207;3,13
6;126;9,04;0,56;0,67;0,45;0,5;0,08;0,11;43,42;14,51;4,56;0,36;0,04;19,64;4,46;0,51;2,65;0,45;0,11;rain;150;1;50;10;84;140;8,88;;97,1774;19,2264;0,7019;0,0266;14,4;0,0121;6,26;5,92;0,0113;2,69
6;126;9,04;0,56;0,67;0,45;0,5;0,08;0,11;43,42;14,51;4,56;0,36;0,04;19,64;4,46;0,51;2,65;0,45;0,11;rain;150;1;50;11;83;180;8,77;;;;;;;;;;;
6;126;9,04;0,56;0,67;0,45;0,5;0,08;0,11;43,42;14,51;4,56;0,36;0,04;19,64;4,46;0,51;2,65;0,45;0,11;rain;150;1;50;12;80;200;8,61;;93,7775;27,2915;1,0296;0,0415;19,7;0,005;11,6;8,7;0,0725;4,06
6;126;9,04;0,56;0,67;0,45;0,5;0,08;0,11;43,42;14,51;4,56;0,36;0,04;19,64;4,46;0,51;2,65;0,45;0,11;rain;150;1;50;13;79;210;8,69;;;;;;;;;;;
6;126;9,04;0,56;0,67;0,45;0,5;0,08;0,11;43,42;14,51;4,56;0,36;0,04;19,64;4,46;0,51;2,65;0,45;0,11;rain;150;1;50;14;75;235;8,56;;;;;;;;;;;
6;126;9,04;0,56;0,67;0,45;0,5;0,08;0,11;43,42;14,51;4,56;0,36;0,04;19,64;4,46;0,51;2,65;0,45;0,11;rain;150;1;50;15;76;260;8,50 ;;154,7091;73,0937;2,6499;0,0256;24,1;0,005;12,9;14,3;0,0682;5,99
6;126;9,04;0,56;0,67;0,45;0,5;0,08;0,11;43,42;14,51;4,56;0,36;0,04;19,64;4,46;0,51;2,65;0,45;0,11;rain;150;1;50;2;96;230;8,66;;69,1814;52,3895;1,4439;0,0638;23,6;0,005;6,78;11,6;0,005;4,59
6;126;9,04;0,56;0,67;0,45;0,5;0,08;0,11;43,42;14,51;4,56;0,36;0,04;19,64;4,46;0,51;2,65;0,45;0,11;rain;150;1;50;3;92;190;8,88;;68,5019;34,1417;0,951;0,057;19,1;0,005;7,06;8,57;0,0266;4,17
6;126;9,04;0,56;0,67;0,45;0,5;0,08;0,11;43,42;14,51;4,56;0,36;0,04;19,64;4,46;0,51;2,65;0,45;0,11;rain;150;1;50;4;90;175;8,86;;73,1719;30,7589;1,0029;0,0238;9,74;0,005;7,46;7,83;0,0139;3,45
6;126;9,04;0,56;0,67;0,45;0,5;0,08;0,11;43,42;14,51;4,56;0,36;0,04;19,64;4,46;0,51;2,65;0,45;0,11;rain;150;1;50;5;87;145;8,95;;80,4589;20,0651;0,6062;0,0277;14,4;0,0145;4,74;5,78;0,054;2,53
6;126;9,04;0,56;0,67;0,45;0,5;0,08;0,11;43,42;14,51;4,56;0,36;0,04;19,64;4,46;0,51;2,65;0,45;0,11;rain;150;1;50;6;86;140;8,95;;;;;;;;;;;
6;126;9,04;0,56;0,67;0,45;0,5;0,08;0,11;43,42;14,51;4,56;0,36;0,04;19,64;4,46;0,51;2,65;0,45;0,11;rain;150;1;50;7;82;90;8,55;;102,7079;28,3402;1,5238;0,083;11,6;0,0267;3,65;3,07;0,0555;16,8
6;126;9,04;0,56;0,67;0,45;0,5;0,08;0,11;43,42;14,51;4,56;0,36;0,04;19,64;4,46;0,51;2,65;0,45;0,11;rain;150;1;50;8;85;155;8,92;;;;;;;;;;;
6;126;9,04;0,56;0,67;0,45;0,5;0,08;0,11;43,42;14,51;4,56;0,36;0,04;19,64;4,46;0,51;2,65;0,45;0,11;rain;150;1;50;9;83;155;8,8;;;;;;;;;;;
6;126;9,04;0,56;0,67;0,45;0,5;0,08;0,11;43,42;14,51;4,56;0,36;0,04;19,64;4,46;0,51;2,65;0,45;0,11;rain;150;1;-5;1;108;180;8,72;;56,5466;23,4828;0,285;0,01;21,2;0,005;5,59;7,57;0,0294;2,81
6;126;9,04;0,56;0,67;0,45;0,5;0,08;0,11;43,42;14,51;4,56;0,36;0,04;19,64;4,46;0,51;2,65;0,45;0,11;rain;150;1;-5;10;141;150;8,57;;71,8628;21,5051;0,4996;0,0106;14,7;0,005;6,41;6,24;0,0745;2,79
6;126;9,04;0,56;0,67;0,45;0,5;0,08;0,11;43,42;14,51;4,56;0,36;0,04;19,64;4,46;0,51;2,65;0,45;0,11;rain;150;1;-5;11;138;125;8,78;;;;;;;;;;;
6;126;9,04;0,56;0,67;0,45;0,5;0,08;0,11;43,42;14,51;4,56;0,36;0,04;19,64;4,46;0,51;2,65;0,45;0,11;rain;150;1;-5;12;138;130;8,69;;77,6775;16,0348;0,4531;0,0193;12,4;0,005;5,89;4,87;0,05;2,31
6;126;9,04;0,56;0,67;0,45;0,5;0,08;0,11;43,42;14,51;4,56;0,36;0,04;19,64;4,46;0,51;2,65;0,45;0,11;rain;150;1;-5;13;138;110;8,73;;;;;;;;;;;
6;126;9,04;0,56;0,67;0,45;0,5;0,08;0,11;43,42;14,51;4,56;0,36;0,04;19,64;4,46;0,51;2,65;0,45;0,11;rain;150;1;-5;14;138;88;8,86;;;;;;;;;;;
6;126;9,04;0,56;0,67;0,45;0,5;0,08;0,11;43,42;14,51;4,56;0,36;0,04;19,64;4,46;0,51;2,65;0,45;0,11;rain;150;1;-5;15;137;82;8,83;;94,7966;8,6606;0,4483;0,0342;10,8;0,0142;5,08;2,93;0,0319;1,43
6;126;9,04;0,56;0,67;0,45;0,5;0,08;0,11;43,42;14,51;4,56;0,36;0,04;19,64;4,46;0,51;2,65;0,45;0,11;rain;150;1;-5;2;129;245;8,6;;71,1775;55,4857;1,4786;0,0287;21,9;0,005;7,01;13,2;0,0406;4,98
6;126;9,04;0,56;0,67;0,45;0,5;0,08;0,11;43,42;14,51;4,56;0,36;0,04;19,64;4,46;0,51;2,65;0,45;0,11;rain;150;1;-5;3;136;400;8,35;;101,0484;151,9832;2,4293;0,0585;29,9;0,005;8,61;24,1;0,164;7,47
6;126;9,04;0,56;0,67;0,45;0,5;0,08;0,11;43,42;14,51;4,56;0,36;0,04;19,64;4,46;0,51;2,65;0,45;0,11;rain;150;1;-5;4;134;380;8,46;;75,6143;91,7938;1,4989;0,0286;27,8;0,005;9,11;24;0,239;7,34
6;126;9,04;0,56;0,67;0,45;0,5;0,08;0,11;43,42;14,51;4,56;0,36;0,04;19,64;4,46;0,51;2,65;0,45;0,11;rain;150;1;-5;5;137;360;8,43;;84,9414;77,3375;1,1178;0,0352;25,1;0,005;8,26;20,5;0,354;6,63
6;126;9,04;0,56;0,67;0,45;0,5;0,08;0,11;43,42;14,51;4,56;0,36;0,04;19,64;4,46;0,51;2,65;0,45;0,11;rain;150;1;-5;6;140;280;8,43;;;;;;;;;;;
6;126;9,04;0,56;0,67;0,45;0,5;0,08;0,11;43,42;14,51;4,56;0,36;0,04;19,64;4,46;0,51;2,65;0,45;0,11;rain;150;1;-5;7;136;170;8,52;;93,6226;39,397;0,6656;0,0287;20,2;0,0705;4,91;9,92;0,112;3,65
6;126;9,04;0,56;0,67;0,45;0,5;0,08;0,11;43,42;14,51;4,56;0,36;0,04;19,64;4,46;0,51;2,65;0,45;0,11;rain;150;1;-5;8;140;160;8,64;;;;;;;;;;;
6;126;9,04;0,56;0,67;0,45;0,5;0,08;0,11;43,42;14,51;4,56;0,36;0,04;19,64;4,46;0,51;2,65;0,45;0,11;rain;150;1;-5;9;136;150;8,63;;;;;;;;;;;
6;126;9,04;0,56;0,67;0,45;0,5;0,08;0,11;43,42;14,51;4,56;0,36;0,04;19,64;4,46;0,51;2,65;0,45;0,11;rain;150;0;50;1;98;280;8,24;0,8036;20,326;73,7432;0,5738;0,0049;28,2;0,0327;8,35;15,4;0,0406;4,75
6;126;9,04;0,56;0,67;0,45;0,5;0,08;0,11;43,42;14,51;4,56;0,36;0,04;19,64;4,46;0,51;2,65;0,45;0,11;rain;150;0;50;10;82;170;8,99;;30,4722;18,1817;0,2409;0,0021;10,7;0,0366;5,04;6,22;0,0635;2,26
6;126;9,04;0,56;0,67;0,45;0,5;0,08;0,11;43,42;14,51;4,56;0,36;0,04;19,64;4,46;0,51;2,65;0,45;0,11;rain;150;0;50;11;80;210;8,59;;;;;;;;;;;
6;126;9,04;0,56;0,67;0,45;0,5;0,08;0,11;43,42;14,51;4,56;0,36;0,04;19,64;4,46;0,51;2,65;0,45;0,11;rain;150;0;50;12;79;190;8,85;;45,3017;21,5383;0,4395;0,0008;10,9;0,0406;5,94;7,44;0,0806;2,52
6;126;9,04;0,56;0,67;0,45;0,5;0,08;0,11;43,42;14,51;4,56;0,36;0,04;19,64;4,46;0,51;2,65;0,45;0,11;rain;150;0;50;13;75;190;8,96;;;;;;;;;;;
6;126;9,04;0,56;0,67;0,45;0,5;0,08;0,11;43,42;14,51;4,56;0,36;0,04;19,64;4,46;0,51;2,65;0,45;0,11;rain;150;0;50;14;72;180;8,82;;;;;;;;;;;
6;126;9,04;0,56;0,67;0,45;0,5;0,08;0,11;43,42;14,51;4,56;0,36;0,04;19,64;4,46;0,51;2,65;0,45;0,11;rain;150;0;50;15;82;170;8,79;0,7899;46,2024;29,9467;0,5;0,0005;14,4;0,0275;5,77;9,86;0,112;3,02
6;126;9,04;0,56;0,67;0,45;0,5;0,08;0,11;43,42;14,51;4,56;0,36;0,04;19,64;4,46;0,51;2,65;0,45;0,11;rain;150;0;50;2;96;345;8,51;0,6982;22,7857;68,3247;0,8055;0,0021;22,0;0,0128;6,08;13,4;0,0496;4,05
6;126;9,04;0,56;0,67;0,45;0,5;0,08;0,11;43,42;14,51;4,56;0,36;0,04;19,64;4,46;0,51;2,65;0,45;0,11;rain;150;0;50;3;88;420;8,37;0,87;37,9691;89,1478;1,4027;0,0016;30,4;0,0202;12,0;24,3;0,0897;7,95
6;126;9,04;0,56;0,67;0,45;0,5;0,08;0,11;43,42;14,51;4,56;0,36;0,04;19,64;4,46;0,51;2,65;0,45;0,11;rain;150;0;50;4;86;360;8,57;0,6306;35,4829;65,7768;0,9681;0,0021;25,3;0,005;11,9;21,2;0,121;7,17
6;126;9,04;0,56;0,67;0,45;0,5;0,08;0,11;43,42;14,51;4,56;0,36;0,04;19,64;4,46;0,51;2,65;0,45;0,11;rain;150;0;50;5;87;380;8,49;0,3234;42,1623;58,5601;0,6825;0,0044;26,9;0,0175;12,5;22,4;0,163;7,28
6;126;9,04;0,56;0,67;0,45;0,5;0,08;0,11;43,42;14,51;4,56;0,36;0,04;19,64;4,46;0,51;2,65;0,45;0,11;rain;150;0;50;6;83;320;8,61;;;;;;;;;;;
6;126;9,04;0,56;0,67;0,45;0,5;0,08;0,11;43,42;14,51;4,56;0,36;0,04;19,64;4,46;0,51;2,65;0,45;0,11;rain;150;0;50;7;79;260;8,59;;37,9493;44,1066;0,4994;0,0032;18,3;0,145;9,49;12,3;0,0768;4,66
6;126;9,04;0,56;0,67;0,45;0,5;0,08;0,11;43,42;14,51;4,56;0,36;0,04;19,64;4,46;0,51;2,65;0,45;0,11;rain;150;0;50;8;74;160;8,76;;;;;;;;;;;
6;126;9,04;0,56;0,67;0,45;0,5;0,08;0,11;43,42;14,51;4,56;0,36;0,04;19,64;4,46;0,51;2,65;0,45;0,11;rain;150;0;50;9;78;190;8,81;;;;;;;;;;;
6;126;9,04;0,56;0,67;0,45;0,5;0,08;0,11;43,42;14,51;4,56;0,36;0,04;19,64;4,46;0,51;2,65;0,45;0,11;rain;150;0;-5;1;102;280;8,61;0,7691;16,1509;45,8569;0,2401;0,0019;21,3;0,012;0,50;7,98;0,0557;2,56
6;126;9,04;0,56;0,67;0,45;0,5;0,08;0,11;43,42;14,51;4,56;0,36;0,04;19,64;4,46;0,51;2,65;0,45;0,11;rain;150;0;-5;10;140;210;9,05;;40,105;31,7774;0,1285;0,003;11,7;0,0194;5,8;9,6;0,5;2,97
6;126;9,04;0,56;0,67;0,45;0,5;0,08;0,11;43,42;14,51;4,56;0,36;0,04;19,64;4,46;0,51;2,65;0,45;0,11;rain;150;0;-5;11;136;200;8,81;;;;;;;;;;;
6;126;9,04;0,56;0,67;0,45;0,5;0,08;0,11;43,42;14,51;4,56;0,36;0,04;19,64;4,46;0,51;2,65;0,45;0,11;rain;150;0;-5;12;136;200;8,86;;47,5622;23,8273;0,0826;0,0004;12,3;0,826;5,28;9,29;0,413;2,65
6;126;9,04;0,56;0,67;0,45;0,5;0,08;0,11;43,42;14,51;4,56;0,36;0,04;19,64;4,46;0,51;2,65;0,45;0,11;rain;150;0;-5;13;138;190;8,56;;;;;;;;;;;
6;126;9,04;0,56;0,67;0,45;0,5;0,08;0,11;43,42;14,51;4,56;0,36;0,04;19,64;4,46;0,51;2,65;0,45;0,11;rain;150;0;-5;14;130;110;8,82;;;;;;;;;;;
6;126;9,04;0,56;0,67;0,45;0,5;0,08;0,11;43,42;14,51;4,56;0,36;0,04;19,64;4,46;0,51;2,65;0,45;0,11;rain;150;0;-5;15;142;115;8,78;;45,2747;14,3739;0,0385;0,0008;9,51;0,0242;0,50;7,05;0,317;1,57
6;126;9,04;0,56;0,67;0,45;0,5;0,08;0,11;43,42;14,51;4,56;0,36;0,04;19,64;4,46;0,51;2,65;0,45;0,11;rain;150;0;-5;2;128;420;8,49;1,2675;23,6102;110,6571;1,514;0,0013;27,6;0,005;3,62;21,1;0,378;5,94
6;126;9,04;0,56;0,67;0,45;0,5;0,08;0,11;43,42;14,51;4,56;0,36;0,04;19,64;4,46;0,51;2,65;0,45;0,11;rain;150;0;-5;3;128;480;8,52;0,8701;26,8507;121,2354;1,2944;0,0006;36,4;0,0119;5,39;28,4;0,977;7,71
6;126;9,04;0,56;0,67;0,45;0,5;0,08;0,11;43,42;14,51;4,56;0,36;0,04;19,64;4,46;0,51;2,65;0,45;0,11;rain;150;0;-5;4;134;400;8,46;0,6175;37,7492;100,3223;0,9319;0,0008;30,4;0,005;5,62;25,6;1,29;7,16
6;126;9,04;0,56;0,67;0,45;0,5;0,08;0,11;43,42;14,51;4,56;0,36;0,04;19,64;4,46;0,51;2,65;0,45;0,11;rain;150;0;-5;5;136;340;8,73;0,299;29,5133;45,5785;0,4313;0,0014;24,9;0,005;4,89;20,2;1,01;6,11
6;126;9,04;0,56;0,67;0,45;0,5;0,08;0,11;43,42;14,51;4,56;0,36;0,04;19,64;4,46;0,51;2,65;0,45;0,11;rain;150;0;-5;6;133;310;8,64;;;;;;;;;;;
6;126;9,04;0,56;0,67;0,45;0,5;0,08;0,11;43,42;14,51;4,56;0,36;0,04;19,64;4,46;0,51;2,65;0,45;0,11;rain;150;0;-5;7;141;230;8,68;;45,7818;68,1973;0,3567;0,0007;16,9;0,005;7,67;13,4;0,731;4,41
6;126;9,04;0,56;0,67;0,45;0,5;0,08;0,11;43,42;14,51;4,56;0,36;0,04;19,64;4,46;0,51;2,65;0,45;0,11;rain;150;0;-5;8;132;230;8,97;;;;;;;;;;;
6;126;9,04;0,56;0,67;0,45;0,5;0,08;0,11;43,42;14,51;4,56;0,36;0,04;19,64;4,46;0,51;2,65;0,45;0,11;rain;150;0;-5;9;138;220;8,91;;;;;;;;;;;
7;65;8,97;0,08;0,59;0,15;0,1;0,05;0,09;52,11;15,64;5,34;0,40;0,08;5,85;3,84;0,57;3,10;0,04;0,14;snow;200;1;-5;1;134;196;8,21;36,33718;37,65599;4,57967;430,7906;1,83596;16,8;0,14;0,68;0,69;0,005;1,76
7;65;8,97;0,08;0,59;0,15;0,1;0,05;0,09;52,11;15,64;5,34;0,40;0,08;5,85;3,84;0,57;3,10;0,04;0,14;snow;200;1;-5;10;181;119;8,15;28,19158;41,63536;4,20325;716,9282;1,8501;9,16;0,09;0,64;0,61;0,005;0,34
7;65;8,97;0,08;0,59;0,15;0,1;0,05;0,09;52,11;15,64;5,34;0,40;0,08;5,85;3,84;0,57;3,10;0,04;0,14;snow;200;1;-5;11;175;123;8,13;;;;;;;;;;;
7;65;8,97;0,08;0,59;0,15;0,1;0,05;0,09;52,11;15,64;5,34;0,40;0,08;5,85;3,84;0,57;3,10;0,04;0,14;snow;200;1;-5;12;164;116;7,74;;;;;;;;;;;
7;65;8,97;0,08;0,59;0,15;0,1;0,05;0,09;52,11;15,64;5,34;0,40;0,08;5,85;3,84;0,57;3,10;0,04;0,14;snow;200;1;-5;13;182;129;8,17;;;;;;8,49;0,10;0,66;0,73;0,005;0,42
7;65;8,97;0,08;0,59;0,15;0,1;0,05;0,09;52,11;15,64;5,34;0,40;0,08;5,85;3,84;0,57;3,10;0,04;0,14;snow;200;1;-5;14;183;115;8,31;;;;;;;;;;;
7;65;8,97;0,08;0,59;0,15;0,1;0,05;0,09;52,11;15,64;5,34;0,40;0,08;5,85;3,84;0,57;3,10;0,04;0,14;snow;200;1;-5;15;192;120;8,13;21,09792;35,39047;2,81087;774,8639;1,9531;9,22;0,14;1,07;0,74;0,005;0,5
7;65;8,97;0,08;0,59;0,15;0,1;0,05;0,09;52,11;15,64;5,34;0,40;0,08;5,85;3,84;0,57;3,10;0,04;0,14;snow;200;1;-5;2;150;150;8,27;21,87635;33,22794;2,89349;976,9773;5,55029;6,13;0,14;0,73;0,51;0,005;1,26
7;65;8,97;0,08;0,59;0,15;0,1;0,05;0,09;52,11;15,64;5,34;0,40;0,08;5,85;3,84;0,57;3,10;0,04;0,14;snow;200;1;-5;3;175;120;8,09;19,9937;37,76915;2,26353;1750,0003;2,01406;8,92;0,07;0,46;0,38;0,005;1,08
7;65;8,97;0,08;0,59;0,15;0,1;0,05;0,09;52,11;15,64;5,34;0,40;0,08;5,85;3,84;0,57;3,10;0,04;0,14;snow;200;1;-5;4;175;128;7,96;17,77483;39,06175;2,19605;1165,0641;2,24598;10,15;0,08;0,71;0,78;0,005;1,44
7;65;8,97;0,08;0,59;0,15;0,1;0,05;0,09;52,11;15,64;5,34;0,40;0,08;5,85;3,84;0,57;3,10;0,04;0,14;snow;200;1;-5;5;174;122;8,15;17,45857;42,80597;2,72248;725,3021;2,16801;9,6;0,09;1,13;1,15;0,005;1,18
7;65;8,97;0,08;0,59;0,15;0,1;0,05;0,09;52,11;15,64;5,34;0,40;0,08;5,85;3,84;0,57;3,10;0,04;0,14;snow;200;1;-5;6;168;121;8,23;;;;;;;;;;;
7;65;8,97;0,08;0,59;0,15;0,1;0,05;0,09;52,11;15,64;5,34;0,40;0,08;5,85;3,84;0,57;3,10;0,04;0,14;snow;200;1;-5;7;165;122;8;37,00174;40,05327;2,70992;1727,1584;3,64566;8,72;0,12;0,77;0,55;0,02;0,57
7;65;8,97;0,08;0,59;0,15;0,1;0,05;0,09;52,11;15,64;5,34;0,40;0,08;5,85;3,84;0,57;3,10;0,04;0,14;snow;200;1;-5;8;175;115;8,26;;;;;;;;;;;
7;65;8,97;0,08;0,59;0,15;0,1;0,05;0,09;52,11;15,64;5,34;0,40;0,08;5,85;3,84;0,57;3,10;0,04;0,14;snow;200;1;-5;9;180;111;8,03;;;;;;;;;;;
7;65;8,97;0,08;0,59;0,15;0,1;0,05;0,09;52,11;15,64;5,34;0,40;0,08;5,85;3,84;0,57;3,10;0,04;0,14;rain;150;1;50;1;118;58;8,98;;66,9677;2,1077;0,6326;0,0109;7,33;0,005;1,86;1,64;0,005;1,28
7;65;8,97;0,08;0,59;0,15;0,1;0,05;0,09;52,11;15,64;5,34;0,40;0,08;5,85;3,84;0,57;3,10;0,04;0,14;rain;150;1;50;10;89;68;8,53;;93,49;3,6361;0,6116;0,0062;8,27;0,0137;2,71;2,06;0,005;1,12
7;65;8,97;0,08;0,59;0,15;0,1;0,05;0,09;52,11;15,64;5,34;0,40;0,08;5,85;3,84;0,57;3,10;0,04;0,14;rain;150;1;50;11;90;71;8,49;;;;;;;;;;;
7;65;8,97;0,08;0,59;0,15;0,1;0,05;0,09;52,11;15,64;5,34;0,40;0,08;5,85;3,84;0,57;3,10;0,04;0,14;rain;150;1;50;12;87;75;8,49 ;;82,233;2,5613;0,4762;0,0288;9,39;0,0146;2,79;2,39;0,0281;1,16
7;65;8,97;0,08;0,59;0,15;0,1;0,05;0,09;52,11;15,64;5,34;0,40;0,08;5,85;3,84;0,57;3,10;0,04;0,14;rain;150;1;50;13;87;68;8,64;;;;;;;;;;;
7;65;8,97;0,08;0,59;0,15;0,1;0,05;0,09;52,11;15,64;5,34;0,40;0,08;5,85;3,84;0,57;3,10;0,04;0,14;rain;150;1;50;14;66;68;8,68;;;;;;;;;;;
7;65;8,97;0,08;0,59;0,15;0,1;0,05;0,09;52,11;15,64;5,34;0,40;0,08;5,85;3,84;0,57;3,10;0,04;0,14;rain;150;1;50;15;87;76;8,58 ;;95,9526;3,1495;0,5016;0,0367;9,16;0,0153;2,83;2,66;0,0219;0,975
7;65;8,97;0,08;0,59;0,15;0,1;0,05;0,09;52,11;15,64;5,34;0,40;0,08;5,85;3,84;0,57;3,10;0,04;0,14;rain;150;1;50;2;113;68;8,67;;82,1965;2,5294;0,4718;0,0074;8,19;0,005;1,38;2,41;0,005;2,14
7;65;8,97;0,08;0,59;0,15;0,1;0,05;0,09;52,11;15,64;5,34;0,40;0,08;5,85;3,84;0,57;3,10;0,04;0,14;rain;150;1;50;3;108;68;8,6;;82,8108;2,5381;0,6728;0,0216;8,25;0,005;1,28;2,43;0,012;2,12
7;65;8,97;0,08;0,59;0,15;0,1;0,05;0,09;52,11;15,64;5,34;0,40;0,08;5,85;3,84;0,57;3,10;0,04;0,14;rain;150;1;50;4;104;68;8,56;;79,0733;2,6251;0,5248;0,0369;7,08;0,005;1,39;1,92;0,005;1,62
7;65;8,97;0,08;0,59;0,15;0,1;0,05;0,09;52,11;15,64;5,34;0,40;0,08;5,85;3,84;0,57;3,10;0,04;0,14;rain;150;1;50;5;103;64;8,7;;85,6113;3,2393;0,6149;0,0428;6,67;0,0705;1,43;2,27;0,0197;13,7
7;65;8,97;0,08;0,59;0,15;0,1;0,05;0,09;52,11;15,64;5,34;0,40;0,08;5,85;3,84;0,57;3,10;0,04;0,14;rain;150;1;50;6;100;68;8,5;;;;;;;;;;;
7;65;8,97;0,08;0,59;0,15;0,1;0,05;0,09;52,11;15,64;5,34;0,40;0,08;5,85;3,84;0,57;3,10;0,04;0,14;rain;150;1;50;7;80;64;8,24;;103,2055;4,4739;0,5952;0,0098;7,83;0,0414;2,62;1,95;0,0311;14,5
7;65;8,97;0,08;0,59;0,15;0,1;0,05;0,09;52,11;15,64;5,34;0,40;0,08;5,85;3,84;0,57;3,10;0,04;0,14;rain;150;1;50;8;93;65;8,67;;;;;;;;;;;
7;65;8,97;0,08;0,59;0,15;0,1;0,05;0,09;52,11;15,64;5,34;0,40;0,08;5,85;3,84;0,57;3,10;0,04;0,14;rain;150;1;50;9;93;69;8,62;;;;;;;;;;;
7;65;8,97;0,08;0,59;0,15;0,1;0,05;0,09;52,11;15,64;5,34;0,40;0,08;5,85;3,84;0,57;3,10;0,04;0,14;rain;150;1;-5;1;120;56;8,87;1,2235;66,8163;2,4063;0,5567;0,0064;1,8;0,005;1,3;0,154;0,005;1,73
7;65;8,97;0,08;0,59;0,15;0,1;0,05;0,09;52,11;15,64;5,34;0,40;0,08;5,85;3,84;0,57;3,10;0,04;0,14;rain;150;1;-5;10;138;60;8,53;0,5959;71,1793;1,6416;0,4048;0,0294;6,16;0,005;1,96;2,15;0,0622;1,06
7;65;8,97;0,08;0,59;0,15;0,1;0,05;0,09;52,11;15,64;5,34;0,40;0,08;5,85;3,84;0,57;3,10;0,04;0,14;rain;150;1;-5;11;132;53;8,30 ;;;;;;;;;;;
7;65;8,97;0,08;0,59;0,15;0,1;0,05;0,09;52,11;15,64;5,34;0,40;0,08;5,85;3,84;0,57;3,10;0,04;0,14;rain;150;1;-5;12;137;65;8,56 ;;75,1519;2,7267;0,3085;0,0036;6,79;0,0146;2,16;2,27;0,038;1,01
7;65;8,97;0,08;0,59;0,15;0,1;0,05;0,09;52,11;15,64;5,34;0,40;0,08;5,85;3,84;0,57;3,10;0,04;0,14;rain;150;1;-5;13;136;69;8,46;;;;;;;;;;;
7;65;8,97;0,08;0,59;0,15;0,1;0,05;0,09;52,11;15,64;5,34;0,40;0,08;5,85;3,84;0,57;3,10;0,04;0,14;rain;150;1;-5;14;139;55;8,56;;;;;;;;;;;
7;65;8,97;0,08;0,59;0,15;0,1;0,05;0,09;52,11;15,64;5,34;0,40;0,08;5,85;3,84;0,57;3,10;0,04;0,14;rain;150;1;-5;15;134;52;8,54 ;1,4287;87,5704;2,5931;0,4174;0,3312;5,78;0,005;2,23;1,62;0,026;0,679
7;65;8,97;0,08;0,59;0,15;0,1;0,05;0,09;52,11;15,64;5,34;0,40;0,08;5,85;3,84;0,57;3,10;0,04;0,14;rain;150;1;-5;2;136;69;8,67;0,9698;91,4917;2,3368;0,4647;0,0161;7,66;0,005;0,50;2,61;0,0157;2,18
7;65;8,97;0,08;0,59;0,15;0,1;0,05;0,09;52,11;15,64;5,34;0,40;0,08;5,85;3,84;0,57;3,10;0,04;0,14;rain;150;1;-5;3;137;62;8,34;0,9922;100,8038;2,6526;0,4824;0,0333;6,06;0,005;0,50;2,63;0,047;1,84
7;65;8,97;0,08;0,59;0,15;0,1;0,05;0,09;52,11;15,64;5,34;0,40;0,08;5,85;3,84;0,57;3,10;0,04;0,14;rain;150;1;-5;4;140;54;8,52;7,6229;74,9953;3,6036;0,4716;0,031;4,89;0,0978;0,50;2,7;0,063;16,3
7;65;8,97;0,08;0,59;0,15;0,1;0,05;0,09;52,11;15,64;5,34;0,40;0,08;5,85;3,84;0,57;3,10;0,04;0,14;rain;150;1;-5;5;139;68;8,61;7,0941;88,1226;3,6811;0,4566;0,0265;6,5;0,113;1,29;3,13;0,133;16,1
7;65;8,97;0,08;0,59;0,15;0,1;0,05;0,09;52,11;15,64;5,34;0,40;0,08;5,85;3,84;0,57;3,10;0,04;0,14;rain;150;1;-5;6;135;61;8,61;;;;;;;;;;;
7;65;8,97;0,08;0,59;0,15;0,1;0,05;0,09;52,11;15,64;5,34;0,40;0,08;5,85;3,84;0,57;3,10;0,04;0,14;rain;150;1;-5;7;138;56;8,39;0,4112;70,6608;1,2547;0,3574;0,0148;8,35;0,0705;1,35;2,47;0,049;1,78
7;65;8,97;0,08;0,59;0,15;0,1;0,05;0,09;52,11;15,64;5,34;0,40;0,08;5,85;3,84;0,57;3,10;0,04;0,14;rain;150;1;-5;8;137;61;8,62;;;;;;;;;;;
7;65;8,97;0,08;0,59;0,15;0,1;0,05;0,09;52,11;15,64;5,34;0,40;0,08;5,85;3,84;0,57;3,10;0,04;0,14;rain;150;1;-5;9;136;58;8,53;;;;;;;;;;;
7;65;8,97;0,08;0,59;0,15;0,1;0,05;0,09;52,11;15,64;5,34;0,40;0,08;5,85;3,84;0,57;3,10;0,04;0,14;rain;150;0;50;1;112;58;8,85;4,3086;28,8736;1,0413;0,066;0,0038;11,4;0,0343;0,50;0,599;0,0390;1,42
7;65;8,97;0,08;0,59;0,15;0,1;0,05;0,09;52,11;15,64;5,34;0,40;0,08;5,85;3,84;0,57;3,10;0,04;0,14;rain;150;0;50;10;89;71;8,58;;44,4461;1,5013;0,0325;0,0043;11,5;0,0272;1,73;0,578;0,005;1,37
7;65;8,97;0,08;0,59;0,15;0,1;0,05;0,09;52,11;15,64;5,34;0,40;0,08;5,85;3,84;0,57;3,10;0,04;0,14;rain;150;0;50;11;88;56;8,62;;;;;;;;;;;
7;65;8,97;0,08;0,59;0,15;0,1;0,05;0,09;52,11;15,64;5,34;0,40;0,08;5,85;3,84;0,57;3,10;0,04;0,14;rain;150;0;50;12;86;74;8,60 ;;48,0943;1,5429;0,0227;0,0005;11,4;0,0267;1,89;0,596;0,005;1,36
7;65;8,97;0,08;0,59;0,15;0,1;0,05;0,09;52,11;15,64;5,34;0,40;0,08;5,85;3,84;0,57;3,10;0,04;0,14;rain;150;0;50;13;86;68;8,67;;;;;;;;;;;
7;65;8,97;0,08;0,59;0,15;0,1;0,05;0,09;52,11;15,64;5,34;0,40;0,08;5,85;3,84;0,57;3,10;0,04;0,14;rain;150;0;50;14;70;64;8,51;;;;;;;;;;;
7;65;8,97;0,08;0,59;0,15;0,1;0,05;0,09;52,11;15,64;5,34;0,40;0,08;5,85;3,84;0,57;3,10;0,04;0,14;rain;150;0;50;15;83;76;8,50 ;1,4207;51,7982;1,7627;0,0314;0,0005;12,9;0,005;0,50;0,645;0,005;0,897
7;65;8,97;0,08;0,59;0,15;0,1;0,05;0,09;52,11;15,64;5,34;0,40;0,08;5,85;3,84;0,57;3,10;0,04;0,14;rain;150;0;50;2;108;66;8,62;1,3015;30,3851;1,961;0,08;0,0009;8,63;0,0118;0,50;0,644;0,0186;1,37
7;65;8,97;0,08;0,59;0,15;0,1;0,05;0,09;52,11;15,64;5,34;0,40;0,08;5,85;3,84;0,57;3,10;0,04;0,14;rain;150;0;50;3;102;72;8,5;0,9854;33,9937;2,2583;0,0971;0,0018;10,1;0,005;0,50;0,547;0,005;1,66
7;65;8,97;0,08;0,59;0,15;0,1;0,05;0,09;52,11;15,64;5,34;0,40;0,08;5,85;3,84;0,57;3,10;0,04;0,14;rain;150;0;50;4;98;72;8,57;1,1114;32,3182;1,386;0,0352;0,0012;9,76;0,0205;0,50;0,448;0,005;1,21
7;65;8,97;0,08;0,59;0,15;0,1;0,05;0,09;52,11;15,64;5,34;0,40;0,08;5,85;3,84;0,57;3,10;0,04;0,14;rain;150;0;50;5;93;62;8,66;0,7867;41,5367;1,177;0,0427;0,0006;9,87;0,005;0,50;0,516;0,0117;1,39
7;65;8,97;0,08;0,59;0,15;0,1;0,05;0,09;52,11;15,64;5,34;0,40;0,08;5,85;3,84;0,57;3,10;0,04;0,14;rain;150;0;50;6;98;54;8,64;;;;;;;;;;;
7;65;8,97;0,08;0,59;0,15;0,1;0,05;0,09;52,11;15,64;5,34;0,40;0,08;5,85;3,84;0,57;3,10;0,04;0,14;rain;150;0;50;7;90;70;8,42;;46,7338;1,6979;0,0461;0,0023;11,9;0,0514;1,79;0,607;0,005;1,91
7;65;8,97;0,08;0,59;0,15;0,1;0,05;0,09;52,11;15,64;5,34;0,40;0,08;5,85;3,84;0,57;3,10;0,04;0,14;rain;150;0;50;8;84;58;8,47;;;;;;;;;;;
7;65;8,97;0,08;0,59;0,15;0,1;0,05;0,09;52,11;15,64;5,34;0,40;0,08;5,85;3,84;0,57;3,10;0,04;0,14;rain;150;0;50;9;94;58;8,73;;;;;;;;;;;
7;65;8,97;0,08;0,59;0,15;0,1;0,05;0,09;52,11;15,64;5,34;0,40;0,08;5,85;3,84;0,57;3,10;0,04;0,14;rain;150;0;-5;1;118;56;8,57;1,3604;19,3962;1,6999;0,0943;0,0034;8,94;0,0391;0,50;0,538;0,0709;1,73
7;65;8,97;0,08;0,59;0,15;0,1;0,05;0,09;52,11;15,64;5,34;0,40;0,08;5,85;3,84;0,57;3,10;0,04;0,14;rain;150;0;-5;10;141;54;8,53;0,6545;30,5721;1,5567;0,0144;0,0019;7,98;0,0409;1,34;0,489;0,0134;1,28
7;65;8,97;0,08;0,59;0,15;0,1;0,05;0,09;52,11;15,64;5,34;0,40;0,08;5,85;3,84;0,57;3,10;0,04;0,14;rain;150;0;-5;11;137;53;8,43;;;;;;;;;;;
7;65;8,97;0,08;0,59;0,15;0,1;0,05;0,09;52,11;15,64;5,34;0,40;0,08;5,85;3,84;0,57;3,10;0,04;0,14;rain;150;0;-5;12;136;52;8,52;;27,678;0,6511;0,0165;0,0012;9,92;0,345;0,50;0,635;0,0283;0,937
7;65;8,97;0,08;0,59;0,15;0,1;0,05;0,09;52,11;15,64;5,34;0,40;0,08;5,85;3,84;0,57;3,10;0,04;0,14;rain;150;0;-5;13;138;55;8,45;;;;;;;;;;;
7;65;8,97;0,08;0,59;0,15;0,1;0,05;0,09;52,11;15,64;5,34;0,40;0,08;5,85;3,84;0,57;3,10;0,04;0,14;rain;150;0;-5;14;124;44;8,12;;;;;;;;;;;
7;65;8,97;0,08;0,59;0,15;0,1;0,05;0,09;52,11;15,64;5,34;0,40;0,08;5,85;3,84;0,57;3,10;0,04;0,14;rain;150;0;-5;15;142;54;8,60 ;0,4863;40,7597;0,8715;0,0138;0,0018;9,41;0,032;0,50;0,576;0,0148;1,68
7;65;8,97;0,08;0,59;0,15;0,1;0,05;0,09;52,11;15,64;5,34;0,40;0,08;5,85;3,84;0,57;3,10;0,04;0,14;rain;150;0;-5;2;130;66;8,69;1,1572;31,7916;1,9286;0,1419;0,0009;9,79;0,0857;0,50;0,587;0,0276;1,97
7;65;8,97;0,08;0,59;0,15;0,1;0,05;0,09;52,11;15,64;5,34;0,40;0,08;5,85;3,84;0,57;3,10;0,04;0,14;rain;150;0;-5;3;132;56;8,88;0,8958;39,8135;1,0831;0,0648;0,0013;7,96;0,107;0,50;0,497;0,0154;1,55
7;65;8,97;0,08;0,59;0,15;0,1;0,05;0,09;52,11;15,64;5,34;0,40;0,08;5,85;3,84;0,57;3,10;0,04;0,14;rain;150;0;-5;4;134;52;8,67;1,0049;27,3753;1,2062;0,0514;0,0008;8,41;0,005;0,50;0,522;0,0156;1,49
7;65;8,97;0,08;0,59;0,15;0,1;0,05;0,09;52,11;15,64;5,34;0,40;0,08;5,85;3,84;0,57;3,10;0,04;0,14;rain;150;0;-5;5;139;53;8,77;0,5546;35,5181;1,1403;0,0383;0,001;9,41;0,0296;0,50;0,576;0,0161;1,68
7;65;8,97;0,08;0,59;0,15;0,1;0,05;0,09;52,11;15,64;5,34;0,40;0,08;5,85;3,84;0,57;3,10;0,04;0,14;rain;150;0;-5;6;134;55;8,59;;;;;;;;;;;
7;65;8,97;0,08;0,59;0,15;0,1;0,05;0,09;52,11;15,64;5,34;0,40;0,08;5,85;3,84;0,57;3,10;0,04;0,14;rain;150;0;-5;7;130;52;8,61;0,5362;31,1549;1,2159;0,0278;0,0026;8,49;0,0621;1,22;0,482;0,0161;1,31
7;65;8,97;0,08;0,59;0,15;0,1;0,05;0,09;52,11;15,64;5,34;0,40;0,08;5,85;3,84;0,57;3,10;0,04;0,14;rain;150;0;-5;8;132;57;8,7;;;;;;;;;;;
7;65;8,97;0,08;0,59;0,15;0,1;0,05;0,09;52,11;15,64;5,34;0,40;0,08;5,85;3,84;0,57;3,10;0,04;0,14;rain;150;0;-5;9;132;52;8,72;;;;;;;;;;;
7;65;8,97;0,08;0,59;0,15;0,1;0,05;0,09;52,11;15,64;5,34;0,40;0,08;5,85;3,84;0,57;3,10;0,04;0,14;rain;45;0;50;1;21;110;8,26;1,9205;32,3993;2,8797;0,2061;0,0013;17,7;0,0877;0,500;1,03;0,0404;4,21
7;65;8,97;0,08;0,59;0,15;0,1;0,05;0,09;52,11;15,64;5,34;0,40;0,08;5,85;3,84;0,57;3,10;0,04;0,14;rain;45;0;50;10;0;/;/;;;;;;;;;;;
7;65;8,97;0,08;0,59;0,15;0,1;0,05;0,09;52,11;15,64;5,34;0,40;0,08;5,85;3,84;0,57;3,10;0,04;0,14;rain;45;0;50;11;0;/;/;;;;;;;;;;;
7;65;8,97;0,08;0,59;0,15;0,1;0,05;0,09;52,11;15,64;5,34;0,40;0,08;5,85;3,84;0,57;3,10;0,04;0,14;rain;45;0;50;12;0;/;/;;;;;;;;;;;
7;65;8,97;0,08;0,59;0,15;0,1;0,05;0,09;52,11;15,64;5,34;0,40;0,08;5,85;3,84;0,57;3,10;0,04;0,14;rain;45;0;50;13;0;/;/;;;;;;;;;;;
7;65;8,97;0,08;0,59;0,15;0,1;0,05;0,09;52,11;15,64;5,34;0,40;0,08;5,85;3,84;0,57;3,10;0,04;0,14;rain;45;0;50;14;0;/;/;;;;;;;;;;;
7;65;8,97;0,08;0,59;0,15;0,1;0,05;0,09;52,11;15,64;5,34;0,40;0,08;5,85;3,84;0,57;3,10;0,04;0,14;rain;45;0;50;15;0;/;/;;;;;;;;;;;
7;65;8,97;0,08;0,59;0,15;0,1;0,05;0,09;52,11;15,64;5,34;0,40;0,08;5,85;3,84;0,57;3,10;0,04;0,14;rain;45;0;50;2;16;120;8,21;2,7352;66,5565;3,1767;0,3167;0,0091;17,6;0,107;0,500;1,24;0,0494;4,89
7;65;8,97;0,08;0,59;0,15;0,1;0,05;0,09;52,11;15,64;5,34;0,40;0,08;5,85;3,84;0,57;3,10;0,04;0,14;rain;45;0;50;3;10;140;8,14;4,6223;64,2246;3,7607;0,2764;0,001;17,1;0,0436;1,09;1,19;0,0192;4,81
7;65;8,97;0,08;0,59;0,15;0,1;0,05;0,09;52,11;15,64;5,34;0,40;0,08;5,85;3,84;0,57;3,10;0,04;0,14;rain;45;0;50;4;5,1;/;8,2;3,5654;75,3107;6,0648;0,3448;0,0006;;;;;;
7;65;8,97;0,08;0,59;0,15;0,1;0,05;0,09;52,11;15,64;5,34;0,40;0,08;5,85;3,84;0,57;3,10;0,04;0,14;rain;45;0;50;5;7;/;/;17,1549;96,8878;8,3338;0,4201;0,0008;;;;;;
7;65;8,97;0,08;0,59;0,15;0,1;0,05;0,09;52,11;15,64;5,34;0,40;0,08;5,85;3,84;0,57;3,10;0,04;0,14;rain;45;0;50;6;1,7;/;/;;;;;;;;;;;
7;65;8,97;0,08;0,59;0,15;0,1;0,05;0,09;52,11;15,64;5,34;0,40;0,08;5,85;3,84;0,57;3,10;0,04;0,14;rain;45;0;50;7;0;/;/;;;;;;;;;;;
7;65;8,97;0,08;0,59;0,15;0,1;0,05;0,09;52,11;15,64;5,34;0,40;0,08;5,85;3,84;0,57;3,10;0,04;0,14;rain;45;0;50;8;0;/;/;;;;;;;;;;;
7;65;8,97;0,08;0,59;0,15;0,1;0,05;0,09;52,11;15,64;5,34;0,40;0,08;5,85;3,84;0,57;3,10;0,04;0,14;rain;45;0;50;9;0;/;/;;;;;;;;;;;
7;65;8,97;0,08;0,59;0,15;0,1;0,05;0,09;52,11;15,64;5,34;0,40;0,08;5,85;3,84;0,57;3,10;0,04;0,14;rain;45;0;-5;1;19;98;8,19;2,0648;31,6759;3,1368;0,2156;0,0009;16,0;0,0485;0,50;1,05;0,119;4,30
7;65;8,97;0,08;0,59;0,15;0,1;0,05;0,09;52,11;15,64;5,34;0,40;0,08;5,85;3,84;0,57;3,10;0,04;0,14;rain;45;0;-5;10;39;85;8,47;;47,2762;2,3877;0,0356;0,0024;13,3;0,132;1,49;0,848;0,0374;2,21
7;65;8,97;0,08;0,59;0,15;0,1;0,05;0,09;52,11;15,64;5,34;0,40;0,08;5,85;3,84;0,57;3,10;0,04;0,14;rain;45;0;-5;11;43;80;8,27;;;;;;;;;;;
7;65;8,97;0,08;0,59;0,15;0,1;0,05;0,09;52,11;15,64;5,34;0,40;0,08;5,85;3,84;0,57;3,10;0,04;0,14;rain;45;0;-5;12;40;78;8,36;;50,0245;1,3047;0,0713;0,0011;15,2;0,537;1,44;1,07;0,06;1,84
7;65;8,97;0,08;0,59;0,15;0,1;0,05;0,09;52,11;15,64;5,34;0,40;0,08;5,85;3,84;0,57;3,10;0,04;0,14;rain;45;0;-5;13;40;85;8,17;;;;;;;;;;;
7;65;8,97;0,08;0,59;0,15;0,1;0,05;0,09;52,11;15,64;5,34;0,40;0,08;5,85;3,84;0,57;3,10;0,04;0,14;rain;45;0;-5;14;32;80;8,24;;;;;;;;;;;
7;65;8,97;0,08;0,59;0,15;0,1;0,05;0,09;52,11;15,64;5,34;0,40;0,08;5,85;3,84;0,57;3,10;0,04;0,14;rain;45;0;-5;15;43;82;8,32;0,9386;57,9496;2,1867;0,0479;0,0015;15,2;0,005;0,50;1,03;0,0281;2,64
7;65;8,97;0,08;0,59;0,15;0,1;0,05;0,09;52,11;15,64;5,34;0,40;0,08;5,85;3,84;0,57;3,10;0,04;0,14;rain;45;0;-5;2;38;115;8,24;1,9682;72,0998;3,5087;0,4038;0,0008;21,9;0,107;0,50;2,06;0,0931;4,88
7;65;8,97;0,08;0,59;0,15;0,1;0,05;0,09;52,11;15,64;5,34;0,40;0,08;5,85;3,84;0,57;3,10;0,04;0,14;rain;45;0;-5;3;37;96;8,4;1,9191;53,5072;2,883;0,1743;0,0004;15,5;0,0458;0,50;1,08;0,0513;3,86
7;65;8,97;0,08;0,59;0,15;0,1;0,05;0,09;52,11;15,64;5,34;0,40;0,08;5,85;3,84;0,57;3,10;0,04;0,14;rain;45;0;-5;4;39;86;8,27;1,1981;43,6714;2,5121;0,1254;0,0009;14,7;0,005;0,50;0,977;0,0856;3,35
7;65;8,97;0,08;0,59;0,15;0,1;0,05;0,09;52,11;15,64;5,34;0,40;0,08;5,85;3,84;0,57;3,10;0,04;0,14;rain;45;0;-5;5;39;74;8,48;1,2259;43,4599;2,4922;0,0934;0,0015;13,0;0,005;0,50;0,848;0,0583;3,76
7;65;8,97;0,08;0,59;0,15;0,1;0,05;0,09;52,11;15,64;5,34;0,40;0,08;5,85;3,84;0,57;3,10;0,04;0,14;rain;45;0;-5;6;48;84;8,31;;;;;;;;;;;
7;65;8,97;0,08;0,59;0,15;0,1;0,05;0,09;52,11;15,64;5,34;0,40;0,08;5,85;3,84;0,57;3,10;0,04;0,14;rain;45;0;-5;7;39;85;8,36;;52,6037;2,3123;0,0544;0,0018;13,5;0,0469;2,22;0,768;0,0544;2,14
7;65;8,97;0,08;0,59;0,15;0,1;0,05;0,09;52,11;15,64;5,34;0,40;0,08;5,85;3,84;0,57;3,10;0,04;0,14;rain;45;0;-5;8;39;78;8,36;;;;;;;;;;;
7;65;8,97;0,08;0,59;0,15;0,1;0,05;0,09;52,11;15,64;5,34;0,40;0,08;5,85;3,84;0,57;3,10;0,04;0,14;rain;45;0;-5;9;38;76;8,45;;;;;;;;;;;
7;65;8,97;0,08;0,59;0,15;0,1;0,05;0,09;52,11;15,64;5,34;0,40;0,08;5,85;3,84;0,57;3,10;0,04;0,14;snow;200;0;-5;1;110;190;8,02;38,57355;34,81399;4,08157;389,8411;1,45639;18,93;0,06;1,34;1,65;0,005;4,58
7;65;8,97;0,08;0,59;0,15;0,1;0,05;0,09;52,11;15,64;5,34;0,40;0,08;5,85;3,84;0,57;3,10;0,04;0,14;snow;200;0;-5;10;134;162;8,19;5,42239;36,72633;1,67244;704,0887;1,00308;16,28;0,06;0,7;1,03;0,005;1,49
7;65;8,97;0,08;0,59;0,15;0,1;0,05;0,09;52,11;15,64;5,34;0,40;0,08;5,85;3,84;0,57;3,10;0,04;0,14;snow;200;0;-5;11;150;161;8,22;;;;;;;;;;;
7;65;8,97;0,08;0,59;0,15;0,1;0,05;0,09;52,11;15,64;5,34;0,40;0,08;5,85;3,84;0,57;3,10;0,04;0,14;snow;200;0;-5;12;139;153;8,2;;;;;;;;;;;
7;65;8,97;0,08;0,59;0,15;0,1;0,05;0,09;52,11;15,64;5,34;0,40;0,08;5,85;3,84;0,57;3,10;0,04;0,14;snow;200;0;-5;13;140;139;8,21;;;;;;9,46;0,07;0,91;1,40;0,005;0,95
7;65;8,97;0,08;0,59;0,15;0,1;0,05;0,09;52,11;15,64;5,34;0,40;0,08;5,85;3,84;0,57;3,10;0,04;0,14;snow;200;0;-5;14;143;133;8,05;;;;;;;;;;;
7;65;8,97;0,08;0,59;0,15;0,1;0,05;0,09;52,11;15,64;5,34;0,40;0,08;5,85;3,84;0,57;3,10;0,04;0,14;snow;200;0;-5;15;147;155;8,22;4,96686;33,36293;4,00836;287,3375;0,86763;13,65;0,06;0,67;1,41;0,005;1,47
7;65;8,97;0,08;0,59;0,15;0,1;0,05;0,09;52,11;15,64;5,34;0,40;0,08;5,85;3,84;0,57;3,10;0,04;0,14;snow;200;0;-5;2;128;169;8,23;38,3342;35,16547;3,83349;388,7484;1,3634;15,59;0,07;1,01;1,21;0,005;2,93
7;65;8,97;0,08;0,59;0,15;0,1;0,05;0,09;52,11;15,64;5,34;0,40;0,08;5,85;3,84;0,57;3,10;0,04;0,14;snow;200;0;-5;3;142;200;8,13;31,24373;41,87216;3,96372;770,9344;0,58658;25,13;0,08;1,09;2,03;0,005;4,02
7;65;8,97;0,08;0,59;0,15;0,1;0,05;0,09;52,11;15,64;5,34;0,40;0,08;5,85;3,84;0,57;3,10;0,04;0,14;snow;200;0;-5;4;137;145;8,04;3,24846;36,87826;2,88359;1559,6362;1,63596;10,72;0,06;1,07;1,65;0,005;2,68
7;65;8,97;0,08;0,59;0,15;0,1;0,05;0,09;52,11;15,64;5,34;0,40;0,08;5,85;3,84;0,57;3,10;0,04;0,14;snow;200;0;-5;5;131;140;7,77;1,96678;39,12941;0,78782;278,877;1,40598;10,66;0,07;1,1;1,5;0,005;1,36
7;65;8,97;0,08;0,59;0,15;0,1;0,05;0,09;52,11;15,64;5,34;0,40;0,08;5,85;3,84;0,57;3,10;0,04;0,14;snow;200;0;-5;6;134;137;8,07;;;;;;;;;;;
7;65;8,97;0,08;0,59;0,15;0,1;0,05;0,09;52,11;15,64;5,34;0,40;0,08;5,85;3,84;0,57;3,10;0,04;0,14;snow;200;0;-5;7;140;150;7,96;6,90178;39,84067;1,50741;710,0071;1,26057;19,96;0,41;0,96;1,96;0,02;2,2
7;65;8,97;0,08;0,59;0,15;0,1;0,05;0,09;52,11;15,64;5,34;0,40;0,08;5,85;3,84;0,57;3,10;0,04;0,14;snow;200;0;-5;8;143;139;7,95;;;;;;;;;;;
7;65;8,97;0,08;0,59;0,15;0,1;0,05;0,09;52,11;15,64;5,34;0,40;0,08;5,85;3,84;0,57;3,10;0,04;0,14;snow;200;0;-5;9;144;141;8,15;;;;;;;;;;;